"date","province","cc_mean_vote_share","dgm_mean_vote_share","pdal_mean_vote_share","ssp_mean_vote_share","pdal_prob_win","cc_prob_win","dgm_prob_win","ssp_prob_win"
2024-04-03,"Amperville",0.0460918831,0.2349832385,0.7189248795,0,1,0,0,0
2024-04-03,"Binaryshire",0.7723574755,0.04756292863,0.1800795982,0,0.004,0.996,0,0
2024-04-03,"Byteforge Domain",0.334868745,0.1685177774,0.4966134765,0,0.856,0.142,0.002,0
2024-04-03,"Cerebrica",0.446768175,0.28255021355,0.1937198495,0.07696176075,0.02,0.727,0.253,0
2024-04-03,"Circuiton",0.06790924715,0.4884607225,0.443630029,0,0.3005,0,0.6995,0
2024-04-03,"Cortexia",0.24150808665,0.2934018734,0.15621439975,0.3088756645,0.0055,0.222,0.4165,0.356
2024-04-03,"Electropolis",0.297406886,0.349307455,0.3532856535,0,0.437,0.124,0.439,0
2024-04-03,"Infinitron Peninsula",0.3340200565,0.402160368,0.263819594,0,0.033,0.325,0.642,0
2024-04-03,"Infoglen",0.2943354965,0.3715642905,0.3341002075,0,0.242,0.1465,0.6115,0
2024-04-03,"Neuronia",0.05649223878,0.31876622835,0.15647411855,0.4682674075,0.0085,0,0.2075,0.784
2024-04-03,"Quantumridge",0.1466969899,0.355737222,0.4975658005,0,0.811,0.001,0.188,0
2024-04-03,"Voltagea",0.1050823452,0.5249574975,0.3699601675,0,0.086,0,0.914,0
2024-04-04,"Amperville",0.0459210524,0.234663886,0.719415057,0,1,0,0,0
2024-04-04,"Binaryshire",0.773210959,0.04724003383,0.17954900835,0,0.0035,0.9965,0,0
2024-04-04,"Byteforge Domain",0.3350593469,0.16752413085,0.4974165305,0,0.872,0.1275,5e-04,0
2024-04-04,"Cerebrica",0.44811929915,0.28159316355,0.1933110156,0.0769765211,0.0155,0.7295,0.255,0
2024-04-04,"Circuiton",0.06771659725,0.4876969125,0.444586486,0,0.2885,0,0.7115,0
2024-04-04,"Cortexia",0.24081771305,0.29354060415,0.1563775978,0.3092640705,0.003,0.2195,0.421,0.3565
2024-04-04,"Electropolis",0.2978151755,0.348876722,0.3533080905,0,0.4505,0.102,0.4475,0
2024-04-04,"Infinitron Peninsula",0.33480151,0.4009494475,0.2642490475,0,0.031,0.3235,0.6455,0
2024-04-04,"Infoglen",0.2938868445,0.371743588,0.334369572,0,0.2425,0.1215,0.636,0
2024-04-04,"Neuronia",0.056399398575,0.31865726975,0.15627314835,0.4686701925,0.0095,0,0.203,0.7875
2024-04-04,"Quantumridge",0.14604363365,0.355992256,0.497964096,0,0.82,5e-04,0.1795,0
2024-04-04,"Voltagea",0.10468938225,0.525699298,0.369611318,0,0.0745,0,0.9255,0
2024-04-05,"Amperville",0.0454307737,0.236507129,0.7180621035,0,1,0,0,0
2024-04-05,"Binaryshire",0.7734533195,0.046986007445,0.179560672,0,0.0035,0.9965,0,0
2024-04-05,"Byteforge Domain",0.33492738965,0.1680697922,0.4970028185,0,0.8805,0.1185,0.001,0
2024-04-05,"Cerebrica",0.4483365804,0.2832482162,0.19140495495,0.07701024675,0.01,0.7355,0.2545,0
2024-04-05,"Circuiton",0.06723136205,0.4894424545,0.4433261875,0,0.2015,0,0.7985,0
2024-04-05,"Cortexia",0.24012075075,0.2950479536,0.15477963435,0.310051644,0.001,0.218,0.433,0.348
2024-04-05,"Electropolis",0.296099469,0.353787803,0.350112726,0,0.427,0.0765,0.4965,0
2024-04-05,"Infinitron Peninsula",0.3342370695,0.4016702615,0.2640926685,0,0.026,0.32,0.654,0
2024-04-05,"Infoglen",0.29285258,0.375034026,0.3321133935,0,0.199,0.0865,0.7145,0
2024-04-05,"Neuronia",0.05630052486,0.31849335905,0.15598432765,0.469221792,0.0075,0,0.2035,0.789
2024-04-05,"Quantumridge",0.1455134594,0.3564255835,0.4980609615,0,0.8285,0,0.1715,0
2024-04-05,"Voltagea",0.10365587725,0.528773598,0.3675705095,0,0.0495,0,0.9505,0
2024-04-06,"Amperville",0.0451687111,0.238216526,0.7166147615,0,1,0,0,0
2024-04-06,"Binaryshire",0.7744659735,0.04661020564,0.17892382255,0,0.0035,0.9965,0,0
2024-04-06,"Byteforge Domain",0.3354060265,0.1679283261,0.4966656645,0,0.889,0.1095,0.0015,0
2024-04-06,"Cerebrica",0.4475565868,0.2856039259,0.18962853455,0.07721096485,0.006,0.732,0.262,0
2024-04-06,"Circuiton",0.06688374275,0.490667125,0.4424491225,0,0.08,0,0.92,0
2024-04-06,"Cortexia",0.240267579,0.29598918475,0.15307547235,0.3106677625,0,0.215,0.441,0.344
2024-04-06,"Electropolis",0.294402281,0.35744405,0.3481536785,0,0.407,0.04,0.553,0
2024-04-06,"Infinitron Peninsula",0.3340968105,0.401525253,0.2643779205,0,0.0215,0.313,0.6655,0
2024-04-06,"Infoglen",0.2918081275,0.3782661925,0.3299256945,0,0.1315,0.034,0.8345,0
2024-04-06,"Neuronia",0.05626800887,0.3178548164,0.1558974097,0.4699797585,0.0045,0,0.2005,0.795
2024-04-06,"Quantumridge",0.14535176855,0.3569395475,0.497708663,0,0.8355,0,0.1645,0
2024-04-06,"Voltagea",0.1028110018,0.531771509,0.365417495,0,0.026,0,0.974,0
2024-04-07,"Amperville",0.0450546059,0.239404947,0.715540449,0,1,0,0,0
2024-04-07,"Binaryshire",0.77698716,0.04593360605,0.1770792345,0,0.0035,0.9965,0,0
2024-04-07,"Byteforge Domain",0.348997729,0.16648464,0.484517639,0,0.843,0.1555,0.0015,0
2024-04-07,"Cerebrica",0.44924436875,0.285693629,0.18788311415,0.077178912,0.0045,0.7365,0.259,0
2024-04-07,"Circuiton",0.0670425523,0.4906122405,0.442345205,0,0.1885,0,0.8115,0
2024-04-07,"Cortexia",0.2401749123,0.29696862975,0.15070628975,0.312150162,0,0.214,0.4395,0.3465
2024-04-07,"Electropolis",0.295115083,0.3598789315,0.3450059855,0,0.341,0,0.659,0
2024-04-07,"Infinitron Peninsula",0.336408118,0.4011670265,0.2624248345,0,0.0145,0.318,0.6675,0
2024-04-07,"Infoglen",0.3102189085,0.379873117,0.3099079725,0,0.0565,0.1425,0.801,0
2024-04-07,"Neuronia",0.056125156035,0.31783863455,0.15549677345,0.4705394185,0.005,0,0.196,0.799
2024-04-07,"Quantumridge",0.14597448575,0.3591160975,0.4949093955,0,0.8355,0,0.1645,0
2024-04-07,"Voltagea",0.1020009229,0.5340557595,0.363943319,0,0.0145,0,0.9855,0
2024-04-08,"Amperville",0.04547812655,0.2258965895,0.728625268,0,1,0,0,0
2024-04-08,"Binaryshire",0.777709076,0.045674187925,0.17661673915,0,0.003,0.997,0,0
2024-04-08,"Byteforge Domain",0.352155088,0.16253480655,0.4853101005,0,0.8455,0.153,0.0015,0
2024-04-08,"Cerebrica",0.44065462305,0.2751141302,0.2049262126,0.0793050598,0.008,0.757,0.235,0
2024-04-08,"Circuiton",0.06919289825,0.4762311585,0.4545759485,0,0.3855,0,0.6145,0
2024-04-08,"Cortexia",0.23264579885,0.2695587431,0.1669491656,0.330846317,0,0.143,0.2285,0.6285
2024-04-08,"Electropolis",0.3119639845,0.3222137095,0.3658222965,0,0.8305,0.0355,0.1345,0
2024-04-08,"Infinitron Peninsula",0.339499027,0.3973555775,0.2631453835,0,0.014,0.321,0.665,0
2024-04-08,"Infoglen",0.335279923,0.349136788,0.3155833045,0,0.12,0.3855,0.4945,0
2024-04-08,"Neuronia",0.05609573069,0.31044497265,0.1572636292,0.476195675,0.004,0,0.156,0.84
2024-04-08,"Quantumridge",0.1468603415,0.355212449,0.497927211,0,0.8555,0,0.1445,0
2024-04-08,"Voltagea",0.10595097675,0.5160708815,0.377978138,0,0.019,0,0.981,0
2024-04-09,"Amperville",0.0457887437,0.21324538,0.7409658825,0,1,0,0,0
2024-04-09,"Binaryshire",0.779504945,0.045121608475,0.1753734308,0,0.0015,0.9985,0,0
2024-04-09,"Byteforge Domain",0.35589583,0.15830436685,0.485799802,0,0.842,0.157,0.001,0
2024-04-09,"Cerebrica",0.4318431663,0.26473727015,0.2221988444,0.08122070775,0.0195,0.7785,0.202,0
2024-04-09,"Circuiton",0.07126057505,0.461970827,0.4667686145,0,0.537,0,0.463,0
2024-04-09,"Cortexia",0.2240304766,0.24357046895,0.1841770675,0.348222003,0,0.073,0.065,0.862
2024-04-09,"Electropolis",0.327407608,0.2869213985,0.385671011,0,0.9615,0.0375,0.001,0
2024-04-09,"Infinitron Peninsula",0.3422130025,0.393758979,0.264028036,0,0.01,0.3295,0.6605,0
2024-04-09,"Infoglen",0.3600634235,0.3201600515,0.319776526,0,0.1665,0.616,0.2175,0
2024-04-09,"Neuronia",0.05629322225,0.30217329575,0.15901246465,0.4825210305,0.0045,0,0.135,0.8605
2024-04-09,"Quantumridge",0.1483035026,0.351555905,0.500140603,0,0.882,0,0.118,0
2024-04-09,"Voltagea",0.1095552892,0.4992066515,0.3912380805,0,0.016,0,0.984,0
2024-04-10,"Amperville",0.04470516305,0.2078222635,0.7474725635,0,1,0,0,0
2024-04-10,"Binaryshire",0.778633377,0.04516447555,0.17620216595,0,0.002,0.998,0,0
2024-04-10,"Byteforge Domain",0.3475235095,0.1599917508,0.49248474,0,0.88,0.12,0,0
2024-04-10,"Cerebrica",0.40031106405,0.2708156677,0.24629873115,0.0825745518,0.059,0.72,0.221,0
2024-04-10,"Circuiton",0.07179663565,0.4540340205,0.474169348,0,0.596,0,0.404,0
2024-04-10,"Cortexia",0.2042125673,0.2412118247,0.20844056,0.346135043,0.0045,0.0345,0.0705,0.8905
2024-04-10,"Electropolis",0.290905441,0.295469942,0.413624618,0,1,0,0,0
2024-04-10,"Infinitron Peninsula",0.339707436,0.395286508,0.2650060485,0,0.007,0.308,0.685,0
2024-04-10,"Infoglen",0.3379834975,0.3331364015,0.328880093,0,0.2495,0.426,0.3245,0
2024-04-10,"Neuronia",0.055667516735,0.30152021645,0.16127295165,0.481539307,0.004,0,0.134,0.862
2024-04-10,"Quantumridge",0.1469739229,0.3501474395,0.502878633,0,0.9065,0,0.0935,0
2024-04-10,"Voltagea",0.1078496237,0.4943148355,0.3978355365,0,0.001,0,0.999,0
2024-04-11,"Amperville",0.0438305194,0.2030406425,0.753128836,0,1,0,0,0
2024-04-11,"Binaryshire",0.7783292905,0.045006321725,0.17666438475,0,0.0025,0.9975,0,0
2024-04-11,"Byteforge Domain",0.3411366125,0.16104290755,0.4978204715,0,0.9065,0.0935,0,0
2024-04-11,"Cerebrica",0.3707092245,0.27600936155,0.26974317575,0.0835382412,0.122,0.6345,0.2435,0
2024-04-11,"Circuiton",0.0724497921,0.445671083,0.48187912,0,0.6375,0,0.3625,0
2024-04-11,"Cortexia",0.18727507895,0.2378016517,0.2312239353,0.343699328,0.0295,0.013,0.0645,0.893
2024-04-11,"Electropolis",0.2736655525,0.304390791,0.4219436615,0,0.9985,0,0.0015,0
2024-04-11,"Infinitron Peninsula",0.338109881,0.3964110945,0.2654790325,0,0.004,0.2885,0.7075,0
2024-04-11,"Infoglen",0.320161396,0.3446586015,0.3351799985,0,0.2995,0.261,0.4395,0
2024-04-11,"Neuronia",0.05496333505,0.3009098814,0.16333181965,0.4807949685,0.005,0,0.1265,0.8685
2024-04-11,"Quantumridge",0.14616266825,0.3504338885,0.503403447,0,0.9185,0,0.0815,0
2024-04-11,"Voltagea",0.106588233,0.4763765335,0.417035224,0,0.085,0,0.915,0
2024-04-12,"Amperville",0.04276793455,0.199916126,0.757315942,0,1,0,0,0
2024-04-12,"Binaryshire",0.778674116,0.04469340153,0.17663248945,0,0.001,0.999,0,0
2024-04-12,"Byteforge Domain",0.3348624745,0.16284628785,0.502291258,0,0.935,0.065,0,0
2024-04-12,"Cerebrica",0.342793865,0.28119615125,0.291813071,0.0841969262,0.216,0.5125,0.2715,0
2024-04-12,"Circuiton",0.07270728185,0.440425021,0.486867694,0,0.6765,0,0.3235,0
2024-04-12,"Cortexia",0.17094676625,0.23553725255,0.252414806,0.3411011725,0.0675,0.0035,0.058,0.871
2024-04-12,"Electropolis",0.2552920725,0.3182868885,0.426421032,0,0.986,0,0.014,0
2024-04-12,"Infinitron Peninsula",0.3351664445,0.39873491,0.266098635,0,0.003,0.25,0.747,0
2024-04-12,"Infoglen",0.299846008,0.360831834,0.3393221625,0,0.295,0.117,0.588,0
2024-04-12,"Neuronia",0.05436762675,0.29970322005,0.1651724033,0.4807567635,0.0035,0,0.1145,0.882
2024-04-12,"Quantumridge",0.14487058565,0.3515268985,0.50360252,0,0.938,0,0.062,0
2024-04-12,"Voltagea",0.10438604405,0.460870939,0.43474301,0,0.2975,0,0.7025,0
2024-04-13,"Amperville",0.04183575425,0.196980047,0.761184195,0,1,0,0,0
2024-04-13,"Binaryshire",0.778755362,0.04460132495,0.1766433229,0,0.001,0.999,0,0
2024-04-13,"Byteforge Domain",0.328280269,0.1648147605,0.5069049775,0,0.958,0.042,0,0
2024-04-13,"Cerebrica",0.31561695745,0.28597429715,0.3140130645,0.08439568725,0.34,0.3735,0.2865,0
2024-04-13,"Circuiton",0.0725367927,0.4350184785,0.4924447355,0,0.711,0,0.289,0
2024-04-13,"Cortexia",0.1551253068,0.23332675075,0.274942026,0.3366059225,0.1535,0,0.059,0.7875
2024-04-13,"Electropolis",0.237705677,0.3323599105,0.4299344145,0,0.9805,0,0.0195,0
2024-04-13,"Infinitron Peninsula",0.332764963,0.4010056655,0.266229386,0,0,0.176,0.824,0
2024-04-13,"Infoglen",0.280810682,0.376211899,0.3429774295,0,0.2945,0.032,0.6735,0
2024-04-13,"Neuronia",0.05382667165,0.2988448594,0.16633652085,0.4809919545,0.0035,0,0.1085,0.888
2024-04-13,"Quantumridge",0.14369616945,0.352268959,0.5040348825,0,0.9455,0,0.0545,0
2024-04-13,"Voltagea",0.10228108155,0.4460214605,0.451697444,0,0.552,0,0.448,0
2024-04-14,"Amperville",0.04135401265,0.195786424,0.762859552,0,1,0,0,0
2024-04-14,"Binaryshire",0.780132622,0.0443162068,0.17555118085,0,0,1,0,0
2024-04-14,"Byteforge Domain",0.3344782195,0.1633579258,0.502163853,0,0.9525,0.0475,0,0
2024-04-14,"Cerebrica",0.30773457695,0.28522893395,0.32259483,0.0844416556,0.403,0.31,0.287,0
2024-04-14,"Circuiton",0.0733569922,0.430389861,0.496253146,0,0.7245,0,0.2755,0
2024-04-14,"Cortexia",0.15118860365,0.22847088205,0.2846745805,0.3356659175,0.195,5e-04,0.035,0.7695
2024-04-14,"Electropolis",0.2491672535,0.3300927555,0.420739993,0,0.96,0,0.04,0
2024-04-14,"Infinitron Peninsula",0.334644276,0.399465665,0.26589005,0,0,0.128,0.872,0
2024-04-14,"Infoglen",0.291971266,0.370543219,0.337485523,0,0.267,0.0655,0.6675,0
2024-04-14,"Neuronia",0.05360198365,0.2975915372,0.16723433005,0.481572144,0.003,0,0.1015,0.8955
2024-04-14,"Quantumridge",0.14423686135,0.352391963,0.5033711895,0,0.955,0,0.045,0
2024-04-14,"Voltagea",0.1019757135,0.430862491,0.467161774,0,0.938,0,0.062,0
2024-04-15,"Amperville",0.04114644505,0.1929937955,0.765859739,0,1,0,0,0
2024-04-15,"Binaryshire",0.781563835,0.043710668905,0.1747254935,0,0.001,0.999,0,0
2024-04-15,"Byteforge Domain",0.3413001485,0.1608936557,0.497806203,0,0.9535,0.0465,0,0
2024-04-15,"Cerebrica",0.3017208017,0.28104256265,0.332611214,0.0846254301,0.4675,0.272,0.2605,0
2024-04-15,"Circuiton",0.07455840805,0.4248626415,0.500578965,0,0.7495,0,0.2505,0
2024-04-15,"Cortexia",0.1473283427,0.22113296625,0.296046129,0.3354925615,0.2345,0,0.016,0.7495
2024-04-15,"Electropolis",0.2662322825,0.3212202575,0.412547448,0,0.96,0.001,0.039,0
2024-04-15,"Infinitron Peninsula",0.336908068,0.397847597,0.2652443255,0,0,0.0065,0.9935,0
2024-04-15,"Infoglen",0.3083236755,0.3585236,0.3331527155,0,0.2645,0.161,0.5745,0
2024-04-15,"Neuronia",0.05334794855,0.29600147635,0.16843297075,0.482217596,0.0035,0,0.0905,0.906
2024-04-15,"Quantumridge",0.14466705825,0.351773531,0.503559386,0,0.972,0,0.028,0
2024-04-15,"Voltagea",0.1047974208,0.425841746,0.4693608335,0,0.824,0,0.176,0
2024-04-16,"Amperville",0.04077789375,0.19099022775,0.7682318705,0,1,0,0,0
2024-04-16,"Binaryshire",0.782705567,0.04330098041,0.1739934529,0,5e-04,0.9995,0,0
2024-04-16,"Byteforge Domain",0.346678136,0.15929695005,0.494024913,0,0.951,0.049,0,0
2024-04-16,"Cerebrica",0.3139754535,0.27372374255,0.328975723,0.0833250893,0.4285,0.349,0.2225,0
2024-04-16,"Circuiton",0.0751172235,0.4198267265,0.505056049,0,0.7765,0,0.2235,0
2024-04-16,"Cortexia",0.1529668632,0.21916589185,0.3047454115,0.3231218295,0.38,5e-04,0.0265,0.593
2024-04-16,"Electropolis",0.2773755185,0.3180347555,0.4045897355,0,0.9645,0.001,0.0345,0
2024-04-16,"Infinitron Peninsula",0.334943475,0.4000658875,0.2649906515,0,0,0.1055,0.8945,0
2024-04-16,"Infoglen",0.3185531215,0.352836982,0.32860988,0,0.211,0.2205,0.5685,0
2024-04-16,"Neuronia",0.05334646335,0.2970333749,0.16967209285,0.479948068,0.002,0,0.0975,0.9005
2024-04-16,"Quantumridge",0.144870185,0.3510110905,0.5041187235,0,0.9865,0,0.0135,0
2024-04-16,"Voltagea",0.1070102531,0.421798253,0.4711914815,0,0.801,0,0.199,0
2024-04-17,"Amperville",0.04030993135,0.18930914955,0.7703809195,0,1,0,0,0
2024-04-17,"Binaryshire",0.7839945745,0.04284558452,0.1731598352,0,5e-04,0.9995,0,0
2024-04-17,"Byteforge Domain",0.3521049775,0.15828738205,0.489607636,0,0.953,0.047,0,0
2024-04-17,"Cerebrica",0.3244898245,0.26891426165,0.323314819,0.08328109525,0.381,0.42,0.199,0
2024-04-17,"Circuiton",0.0755563142,0.416875383,0.5075683065,0,0.792,0,0.208,0
2024-04-17,"Cortexia",0.15741261655,0.21412309465,0.3036402955,0.32482397,0.3595,5e-04,0.018,0.622
2024-04-17,"Electropolis",0.284621598,0.320064833,0.395313567,0,0.936,0.007,0.057,0
2024-04-17,"Infinitron Peninsula",0.330883639,0.4040082865,0.2651080625,0,0,0.133,0.867,0
2024-04-17,"Infoglen",0.3243570635,0.3524747825,0.3231681675,0,0.144,0.2715,0.5845,0
2024-04-17,"Neuronia",0.05312765125,0.29660653955,0.1699126816,0.48035312,0.004,0,0.091,0.905
2024-04-17,"Quantumridge",0.1447653814,0.350874769,0.5043598505,0,0.995,0,0.005,0
2024-04-17,"Voltagea",0.10855776,0.419600567,0.471841686,0,0.7815,0,0.2185,0
2024-04-18,"Amperville",0.03980620225,0.18815283195,0.772040977,0,1,0,0,0
2024-04-18,"Binaryshire",0.784643931,0.042610361665,0.17274570415,0,5e-04,0.9995,0,0
2024-04-18,"Byteforge Domain",0.3547405185,0.1578837791,0.487375699,0,0.97,0.03,0,0
2024-04-18,"Cerebrica",0.3315701565,0.264777625,0.320615748,0.0830364596,0.3635,0.466,0.1705,0
2024-04-18,"Circuiton",0.0761521234,0.4126725745,0.5111752885,0,0.806,0,0.194,0
2024-04-18,"Cortexia",0.1602982475,0.21040634515,0.303033374,0.326262024,0.346,5e-04,0.0045,0.649
2024-04-18,"Electropolis",0.2873123435,0.324738296,0.387949336,0,0.901,0.016,0.083,0
2024-04-18,"Infinitron Peninsula",0.325733908,0.409175495,0.2650906105,0,0,0.126,0.874,0
2024-04-18,"Infoglen",0.3262202945,0.354279413,0.31950027,0,0.0905,0.2445,0.665,0
2024-04-18,"Neuronia",0.05308792725,0.2948083268,0.1703672632,0.481736478,0.003,0,0.0795,0.9175
2024-04-18,"Quantumridge",0.144671728,0.350679761,0.5046485065,0,1,0,0,0
2024-04-18,"Voltagea",0.11018367745,0.4166804765,0.4731358325,0,0.772,0,0.228,0
2024-04-19,"Amperville",0.03930043175,0.1874344785,0.7732650845,0,1,0,0,0
2024-04-19,"Binaryshire",0.786176634,0.04212445466,0.1716989271,0,5e-04,0.9995,0,0
2024-04-19,"Byteforge Domain",0.3593941225,0.1565888024,0.484017072,0,0.9765,0.0235,0,0
2024-04-19,"Cerebrica",0.341558995,0.2604545385,0.314626908,0.08335956475,0.3225,0.5325,0.145,0
2024-04-19,"Circuiton",0.07636286475,0.409378031,0.5142591025,0,0.816,0,0.184,0
2024-04-19,"Cortexia",0.16478141775,0.20648542245,0.2993887415,0.3293444075,0.27,0,5e-04,0.73
2024-04-19,"Electropolis",0.293630259,0.327503995,0.3788657465,0,0.8595,0.03,0.1105,0
2024-04-19,"Infinitron Peninsula",0.321704162,0.413555621,0.264740228,0,0,0.1035,0.8965,0
2024-04-19,"Infoglen",0.3315618505,0.3544864085,0.3139517485,0,0.02,0.185,0.795,0
2024-04-19,"Neuronia",0.053187801,0.29321180675,0.17040690845,0.4831935035,0.003,0,0.0695,0.9275
2024-04-19,"Quantumridge",0.1420093595,0.3603956255,0.4975950045,0,1,0,0,0
2024-04-19,"Voltagea",0.1115338945,0.4153657475,0.473100382,0,0.7655,0,0.2345,0
2024-04-20,"Amperville",0.03863864105,0.1859506474,0.7754107205,0,1,0,0,0
2024-04-20,"Binaryshire",0.787840634,0.041855952815,0.1703034246,0,0,1,0,0
2024-04-20,"Byteforge Domain",0.361446199,0.1561114965,0.482442316,0,0.994,0.006,0,0
2024-04-20,"Cerebrica",0.2936445815,0.2785913055,0.342926516,0.08483759505,0.574,0.217,0.209,0
2024-04-20,"Circuiton",0.0767059077,0.4058164775,0.51747761,0,0.8425,0,0.1575,0
2024-04-20,"Cortexia",0.1393825234,0.20909247255,0.312687418,0.3388375805,0.2905,0,5e-04,0.709
2024-04-20,"Electropolis",0.2942041315,0.333051248,0.3727446235,0,0.8235,0.0175,0.159,0
2024-04-20,"Infinitron Peninsula",0.3170081045,0.4182216095,0.26477028,0,0,0.092,0.908,0
2024-04-20,"Infoglen",0.3248954455,0.3512756625,0.3238289015,0,0.123,0.2445,0.6325,0
2024-04-20,"Neuronia",0.0523958447,0.29062644465,0.1706654728,0.486312245,0.0025,0,0.064,0.9335
2024-04-20,"Quantumridge",0.1437819845,0.360402368,0.4958156375,0,0.999,0,0.001,0
2024-04-20,"Voltagea",0.1129748692,0.4128241855,0.4742009485,0,0.789,0,0.211,0
2024-04-21,"Amperville",0.0379031685,0.18419986945,0.777896957,0,1,0,0,0
2024-04-21,"Binaryshire",0.7880280175,0.04155232383,0.17041965595,0,0,1,0,0
2024-04-21,"Byteforge Domain",0.36067908,0.156597907,0.4827230135,0,1,0,0,0
2024-04-21,"Cerebrica",0.2915873905,0.2854778445,0.338154244,0.084780516,0.5465,0.2155,0.238,0
2024-04-21,"Circuiton",0.07722518805,0.400212609,0.5225622075,0,0.8635,0,0.1365,0
2024-04-21,"Cortexia",0.1362826485,0.21556673925,0.309921552,0.33822907,0.298,0,0.0015,0.7005
2024-04-21,"Electropolis",0.2883203275,0.3420704945,0.369609188,0,0.861,0,0.139,0
2024-04-21,"Infinitron Peninsula",0.3129737145,0.422266368,0.264759934,0,0,0.062,0.938,0
2024-04-21,"Infoglen",0.3105406555,0.3523247235,0.3371346195,0,0.2905,0.124,0.5855,0
2024-04-21,"Neuronia",0.05232540515,0.29101181125,0.1707523039,0.485910474,0.001,0,0.059,0.94
2024-04-21,"Quantumridge",0.14555337125,0.3598486,0.4945980185,0,0.9905,0,0.0095,0
2024-04-21,"Voltagea",0.1134597001,0.4106687225,0.475871586,0,0.783,0,0.217,0
2024-04-22,"Amperville",0.03705286525,0.18228468025,0.780662451,0,1,0,0,0
2024-04-22,"Binaryshire",0.788669922,0.041356205665,0.16997386665,0,0,1,0,0
2024-04-22,"Byteforge Domain",0.3475734425,0.158910196,0.4935163435,0,1,0,0,0
2024-04-22,"Cerebrica",0.289695719,0.2931221735,0.332477037,0.08470507895,0.5225,0.2005,0.277,0
2024-04-22,"Circuiton",0.0773330975,0.3962746935,0.526392214,0,0.8855,0,0.1145,0
2024-04-22,"Cortexia",0.1333722989,0.2222587791,0.307361865,0.337007061,0.2895,0,0.0065,0.704
2024-04-22,"Electropolis",0.2865937205,0.3540810635,0.359325222,0,0.558,0.004,0.438,0
2024-04-22,"Infinitron Peninsula",0.3072058585,0.427408657,0.2653854995,0,0,0.0265,0.9735,0
2024-04-22,"Infoglen",0.2962720955,0.3537599095,0.349967995,0,0.4385,0.045,0.5165,0
2024-04-22,"Neuronia",0.0522003396,0.2910704452,0.1707572638,0.4859719455,5e-04,0,0.0485,0.951
2024-04-22,"Quantumridge",0.146908661,0.358609378,0.4944819595,0,0.9865,0,0.0135,0
2024-04-22,"Voltagea",0.11455813605,0.407248063,0.4781937745,0,0.813,0,0.187,0
2024-04-23,"Amperville",0.0363774312,0.18000381135,0.783618743,0,1,0,0,0
2024-04-23,"Binaryshire",0.788853319,0.041203681355,0.1699429961,0,0,1,0,0
2024-04-23,"Byteforge Domain",0.336367004,0.1599273745,0.5037056065,0,1,0,0,0
2024-04-23,"Cerebrica",0.2891397395,0.300492564,0.3255374065,0.08483029665,0.484,0.2085,0.3075,0
2024-04-23,"Circuiton",0.0774838465,0.391729109,0.5307870475,0,0.9065,0,0.0935,0
2024-04-23,"Cortexia",0.13104396735,0.2294736335,0.303707917,0.33577447,0.2625,0,0.011,0.7265
2024-04-23,"Electropolis",0.2877370145,0.363504704,0.348758278,0,0.3165,0.0065,0.677,0
2024-04-23,"Infinitron Peninsula",0.301390178,0.433440019,0.2651698235,0,0,0.0045,0.9955,0
2024-04-23,"Infoglen",0.2851222935,0.352429289,0.3624484205,0,0.624,0.002,0.374,0
2024-04-23,"Neuronia",0.05183478455,0.2926870475,0.1699959577,0.4854822205,5e-04,0,0.0375,0.962
2024-04-23,"Quantumridge",0.14869309815,0.3579969455,0.4933099605,0,0.9735,0,0.0265,0
2024-04-23,"Voltagea",0.1152311702,0.404154439,0.48061439,0,0.8315,0,0.1685,0
2024-04-24,"Amperville",0.0358551965,0.17740991195,0.7867348895,0,1,0,0,0
2024-04-24,"Binaryshire",0.7920302895,0.040323090645,0.16764663595,0,0,1,0,0
2024-04-24,"Byteforge Domain",0.3425566995,0.159462073,0.4979812265,0,1,0,0,0
2024-04-24,"Cerebrica",0.291642587,0.306435696,0.3168476905,0.08507401425,0.4265,0.227,0.3465,0
2024-04-24,"Circuiton",0.077804357,0.3876512605,0.5345443795,0,0.9205,0,0.0795,0
2024-04-24,"Cortexia",0.1304538435,0.2347606835,0.2967368785,0.338048601,0.2045,0,0.0065,0.789
2024-04-24,"Electropolis",0.299361377,0.3634336865,0.337204929,0,0.0845,0,0.9155,0
2024-04-24,"Infinitron Peninsula",0.2983478285,0.4385099545,0.263142225,0,0,0,1,0
2024-04-24,"Infoglen",0.295795048,0.3568769615,0.347328003,0,0.4005,0.0245,0.575,0
2024-04-24,"Neuronia",0.05169540755,0.292814041,0.16986132305,0.485629205,0,0,0.0395,0.9605
2024-04-24,"Quantumridge",0.15129189165,0.3608923885,0.4878157075,0,0.956,0,0.044,0
2024-04-24,"Voltagea",0.11675074815,0.4007027425,0.4825465075,0,0.8475,0,0.1525,0
2024-04-25,"Amperville",0.0353237092,0.1750318961,0.7896443895,0,1,0,0,0
2024-04-25,"Binaryshire",0.7948786825,0.0395927945,0.16552852635,0,0,1,0,0
2024-04-25,"Byteforge Domain",0.3487173545,0.15872674,0.4925559125,0,1,0,0,0
2024-04-25,"Cerebrica",0.2947398775,0.3106644535,0.30924871,0.08534695845,0.3845,0.225,0.3905,0
2024-04-25,"Circuiton",0.07842070525,0.3830062865,0.5385730235,0,0.934,0,0.066,0
2024-04-25,"Cortexia",0.1301549313,0.239878887,0.2902906075,0.3396755605,0.1165,0,0.003,0.8805
2024-04-25,"Electropolis",0.324703273,0.349775588,0.325521152,0,0.081,0.078,0.841,0
2024-04-25,"Infinitron Peninsula",0.307585108,0.4306256585,0.2617892305,0,0,0.0195,0.9805,0
2024-04-25,"Infoglen",0.3050287035,0.3620722605,0.332899021,0,0.169,0.0345,0.7965,0
2024-04-25,"Neuronia",0.05160377655,0.293395449,0.16929700945,0.4857037715,0,0,0.031,0.969
2024-04-25,"Quantumridge",0.1530673228,0.364695013,0.4822376685,0,0.9405,0,0.0595,0
2024-04-25,"Voltagea",0.11841111935,0.397517113,0.48407174,0,0.859,0,0.141,0
2024-04-26,"Amperville",0.0346830866,0.1729296613,0.792387244,0,1,0,0,0
2024-04-26,"Binaryshire",0.796629457,0.03910901871,0.1642615287,0,0,1,0,0
2024-04-26,"Byteforge Domain",0.3447316835,0.1594945275,0.4957737955,0,1,0,0,0
2024-04-26,"Cerebrica",0.3002128705,0.319318222,0.295861084,0.08460783045,0.2665,0.2785,0.455,0
2024-04-26,"Circuiton",0.07886655435,0.3783879335,0.542745532,0,0.9475,0,0.0525,0
2024-04-26,"Cortexia",0.13031391865,0.2524625885,0.284855129,0.3323683635,0.125,0,0.0275,0.8475
2024-04-26,"Electropolis",0.318398895,0.3210506185,0.360550475,0,0.901,0.0205,0.0785,0
2024-04-26,"Infinitron Peninsula",0.314887156,0.424767233,0.26034562,0,0,0.065,0.935,0
2024-04-26,"Infoglen",0.2999139665,0.3728117385,0.327274289,0,0.0965,0.0465,0.857,0
2024-04-26,"Neuronia",0.05122895505,0.2973179045,0.1684214678,0.4830316805,0,0,0.0295,0.9705
2024-04-26,"Quantumridge",0.15430594735,0.367290863,0.4784031665,0,0.9305,0,0.0695,0
2024-04-26,"Voltagea",0.1193633149,0.3949824235,0.4856542605,0,0.887,0,0.113,0
2024-04-27,"Amperville",0.0341274314,0.1827621095,0.783110444,0,1,0,0,0
2024-04-27,"Binaryshire",0.798120038,0.03862681081,0.16325316915,0,0,1,0,0
2024-04-27,"Byteforge Domain",0.3489042395,0.160499843,0.490595929,0,1,0,0,0
2024-04-27,"Cerebrica",0.304485783,0.319278134,0.2922387575,0.08399732485,0.2315,0.309,0.4595,0
2024-04-27,"Circuiton",0.0782685579,0.38732228,0.53440917,0,0.9295,0,0.0705,0
2024-04-27,"Cortexia",0.12910051855,0.254694912,0.2898510765,0.326353503,0.193,0,0.0325,0.7745
2024-04-27,"Electropolis",0.3163937985,0.319392698,0.3642135075,0,0.7965,0.08,0.1235,0
2024-04-27,"Infinitron Peninsula",0.3233604085,0.417610989,0.2590285835,0,5e-04,0.124,0.8755,0
2024-04-27,"Infoglen",0.298169799,0.371844625,0.3299855725,0,0.124,0.05,0.826,0
2024-04-27,"Neuronia",0.0509870534,0.2978376745,0.1689204934,0.482254787,0,0,0.0225,0.9775
2024-04-27,"Quantumridge",0.15611246075,0.3669882255,0.476899307,0,0.9275,0,0.0725,0
2024-04-27,"Voltagea",0.11894472535,0.4110504985,0.470004783,0,0.7965,0,0.2035,0
2024-04-28,"Amperville",0.03362676495,0.192597316,0.773775907,0,1,0,0,0
2024-04-28,"Binaryshire",0.7997250935,0.03805495143,0.16221995475,0,0,1,0,0
2024-04-28,"Byteforge Domain",0.354389993,0.1603692315,0.485240778,0,0.9985,0.0015,0,0
2024-04-28,"Cerebrica",0.3073552135,0.320140231,0.288993282,0.08351129395,0.206,0.3205,0.4735,0
2024-04-28,"Circuiton",0.0774462486,0.397362306,0.525191439,0,0.9135,0,0.0865,0
2024-04-28,"Cortexia",0.1279552749,0.2580067725,0.2937275,0.320310489,0.252,0,0.0395,0.7085
2024-04-28,"Electropolis",0.315058942,0.316411817,0.3685292515,0,0.8105,0.0865,0.103,0
2024-04-28,"Infinitron Peninsula",0.3300697995,0.4115329045,0.258397293,0,5e-04,0.182,0.8175,0
2024-04-28,"Infoglen",0.295734199,0.371559003,0.332706792,0,0.119,0.033,0.848,0
2024-04-28,"Neuronia",0.0509467467,0.2992726805,0.16935780985,0.480422752,0,0,0.013,0.987
2024-04-28,"Quantumridge",0.1581643727,0.3667840535,0.475051578,0,0.928,0,0.072,0
2024-04-28,"Voltagea",0.11829242665,0.4275067735,0.4542008025,0,0.6615,0,0.3385,0
2024-04-29,"Amperville",0.03320861085,0.2030024975,0.763788884,0,1,0,0,0
2024-04-29,"Binaryshire",0.8012568255,0.03752635366,0.16121682755,0,0,1,0,0
2024-04-29,"Byteforge Domain",0.3618244595,0.159184428,0.478991115,0,0.998,0.002,0,0
2024-04-29,"Cerebrica",0.3146216655,0.318214897,0.2839671925,0.08319626565,0.161,0.384,0.455,0
2024-04-29,"Circuiton",0.0769050625,0.4070458455,0.5160490845,0,0.8815,0,0.1185,0
2024-04-29,"Cortexia",0.1287923112,0.257389179,0.296578257,0.31724025,0.2615,0,0.0195,0.719
2024-04-29,"Electropolis",0.3246087015,0.304517858,0.370873439,0,0.796,0.1455,0.0585,0
2024-04-29,"Infinitron Peninsula",0.3398877025,0.402408837,0.257703454,0,0.0015,0.254,0.7445,0
2024-04-29,"Infoglen",0.301835102,0.362175702,0.335989177,0,0.0965,0,0.9035,0
2024-04-29,"Neuronia",0.05102375785,0.299267732,0.17002698565,0.479681512,0,0,0.006,0.994
2024-04-29,"Quantumridge",0.160444109,0.366126102,0.473429781,0,0.942,0,0.058,0
2024-04-29,"Voltagea",0.11872057935,0.4421187655,0.4391606575,0,0.482,0,0.518,0
2024-04-30,"Amperville",0.03260344395,0.2134832335,0.7539133325,0,1,0,0,0
2024-04-30,"Binaryshire",0.802847371,0.03705850398,0.16009412565,0,0,1,0,0
2024-04-30,"Byteforge Domain",0.3678696085,0.1589067565,0.473223622,0,1,0,0,0
2024-04-30,"Cerebrica",0.3181330175,0.3191616855,0.2798382165,0.0828670628,0.121,0.4185,0.4605,0
2024-04-30,"Circuiton",0.0761730514,0.416852621,0.506974337,0,0.8535,0,0.1465,0
2024-04-30,"Cortexia",0.12844936,0.2591237295,0.297587926,0.3148389925,0.1645,0,0,0.8355
2024-04-30,"Electropolis",0.324306367,0.3022278085,0.3734658345,0,0.833,0.1165,0.0505,0
2024-04-30,"Infinitron Peninsula",0.34819457,0.395380593,0.2564248355,0,0.0025,0.3145,0.683,0
2024-04-30,"Infoglen",0.290804488,0.377227092,0.331968446,0,0.0465,5e-04,0.953,0
2024-04-30,"Neuronia",0.0506681577,0.2999005575,0.17085617655,0.4785751015,0,0,0.0035,0.9965
2024-04-30,"Quantumridge",0.162138477,0.365781063,0.4720804625,0,0.966,0,0.034,0
2024-04-30,"Voltagea",0.11705462595,0.4605022575,0.4224431085,0,0.1995,0,0.8005,0
2024-05-01,"Amperville",0.0324761736,0.2133036015,0.754220218,0,1,0,0,0
2024-05-01,"Binaryshire",0.804664173,0.036365687615,0.1589701517,0,0,1,0,0
2024-05-01,"Byteforge Domain",0.3617980755,0.1573917365,0.4808102015,0,0.999,0.001,0,0
2024-05-01,"Cerebrica",0.3216402985,0.3213370865,0.2744759325,0.082546685,0.035,0.4815,0.4835,0
2024-05-01,"Circuiton",0.07540133705,0.427366369,0.4972323005,0,0.8235,0,0.1765,0
2024-05-01,"Cortexia",0.140935062,0.249591931,0.2778324875,0.3316405125,0.0015,0,0,0.9985
2024-05-01,"Electropolis",0.324503077,0.299771187,0.375725738,0,0.873,0.093,0.034,0
2024-05-01,"Infinitron Peninsula",0.3598683825,0.3840777445,0.2560538715,0,0.0035,0.391,0.6055,0
2024-05-01,"Infoglen",0.305475974,0.360625588,0.3338984265,0,0.1415,0.018,0.8405,0
2024-05-01,"Neuronia",0.0505192904,0.3003591095,0.17037192015,0.4787496745,0,0,0.0015,0.9985
2024-05-01,"Quantumridge",0.1653073155,0.36221782,0.472474857,0,0.9885,0,0.0115,0
2024-05-01,"Voltagea",0.1156300049,0.4782689485,0.4061010535,0,0,0,1,0
2024-05-02,"Amperville",0.032460435,0.212689929,0.754849634,0,1,0,0,0
2024-05-02,"Binaryshire",0.8059911045,0.036033624825,0.15797527575,0,0,1,0,0
2024-05-02,"Byteforge Domain",0.3450658115,0.160588012,0.494346177,0,0.9975,0.0025,0,0
2024-05-02,"Cerebrica",0.32941804,0.322355948,0.2657685545,0.0824574557,0.008,0.585,0.407,0
2024-05-02,"Circuiton",0.07455671935,0.438807688,0.4866355985,0,0.7695,0,0.2305,0
2024-05-02,"Cortexia",0.154096315,0.2301045335,0.2946047685,0.321194385,0.152,0,0,0.848
2024-05-02,"Electropolis",0.323389653,0.297504681,0.379105673,0,0.9715,0.0185,0.01,0
2024-05-02,"Infinitron Peninsula",0.3672435445,0.3777027655,0.255053703,0,0.002,0.447,0.551,0
2024-05-02,"Infoglen",0.285458242,0.3786215875,0.3359201655,0,0.107,0.008,0.885,0
2024-05-02,"Neuronia",0.0505054688,0.2996972865,0.170189176,0.4796080645,0,0,0,1
2024-05-02,"Quantumridge",0.1661146425,0.362126506,0.471758836,0,0.997,0,0.003,0
2024-05-02,"Voltagea",0.1061412139,0.4761654685,0.417693315,0,0.073,0,0.927,0
2024-05-03,"Amperville",0.03248185005,0.2079107255,0.75960742,0,1,0,0,0
2024-05-03,"Binaryshire",0.8074887335,0.035532635075,0.1569786474,0,0,1,0,0
2024-05-03,"Byteforge Domain",0.3356547505,0.15897145995,0.5053737935,0,0.9975,0.0025,0,0
2024-05-03,"Cerebrica",0.3068238645,0.342891206,0.2668846085,0.0834003234,0,0.044,0.956,0
2024-05-03,"Circuiton",0.0741433915,0.4447302165,0.481126404,0,0.756,0,0.244,0
2024-05-03,"Cortexia",0.1531313565,0.2174300625,0.3135821115,0.3158564945,0.459,0,5e-04,0.5405
2024-05-03,"Electropolis",0.3255414705,0.2854932445,0.3889653045,0,0.9405,0.0545,0.005,0
2024-05-03,"Infinitron Peninsula",0.3796460175,0.366056567,0.2542974145,0,0.001,0.555,0.444,0
2024-05-03,"Infoglen",0.297185876,0.358637281,0.344176841,0,0.33,0.041,0.629,0
2024-05-03,"Neuronia",0.0501257875,0.298488842,0.1693205265,0.482064849,0,0,0,1
2024-05-03,"Quantumridge",0.164520424,0.369262694,0.466216888,0,0.976,0,0.024,0
2024-05-03,"Voltagea",0.09844905195,0.4664422845,0.435108676,0,0.2215,0,0.7785,0
2024-05-04,"Amperville",0.0324411789,0.2100077005,0.7575511245,0,1,0,0,0
2024-05-04,"Binaryshire",0.8093711155,0.03508171778,0.15554715765,0,0,1,0,0
2024-05-04,"Byteforge Domain",0.3304589965,0.15817884965,0.5113621365,0,0.997,0.003,0,0
2024-05-04,"Cerebrica",0.315959705,0.330772534,0.272536477,0.0807312941,0.0295,0.352,0.6185,0
2024-05-04,"Circuiton",0.07258209705,0.4589815855,0.4684363155,0,0.618,0,0.382,0
2024-05-04,"Cortexia",0.15608002265,0.215051429,0.3107943315,0.3180742295,0.4255,0,0,0.5745
2024-05-04,"Electropolis",0.331053805,0.285778934,0.383167257,0,0.87,0.1175,0.0125,0
2024-05-04,"Infinitron Peninsula",0.391951922,0.354940268,0.2531078165,0,0,0.6565,0.3435,0
2024-05-04,"Infoglen",0.307155398,0.35221479,0.340629789,0,0.3215,0.0965,0.582,0
2024-05-04,"Neuronia",0.0507241045,0.294336136,0.164319393,0.490620361,0,0,0,1
2024-05-04,"Quantumridge",0.16293866115,0.378422868,0.4586384735,0,0.9215,0,0.0785,0
2024-05-04,"Voltagea",0.0895715822,0.467339146,0.443089284,0,0.119,0,0.881,0
2024-05-05,"Amperville",0.0321307702,0.2160876615,0.7517815655,0,1,0,0,0
2024-05-05,"Binaryshire",0.811527291,0.034543475935,0.1539292377,0,0,1,0,0
2024-05-05,"Byteforge Domain",0.324229138,0.1582819175,0.5174889495,0,0.9975,0.0025,0,0
2024-05-05,"Cerebrica",0.317103691,0.328412544,0.276460409,0.0780233602,0.0655,0.3725,0.562,0
2024-05-05,"Circuiton",0.07135773345,0.4749902975,0.453651973,0,0.3285,0,0.6715,0
2024-05-05,"Cortexia",0.1561152695,0.2182018895,0.3070810145,0.318601825,0.378,0,5e-04,0.6215
2024-05-05,"Electropolis",0.3219106305,0.301946661,0.3761427155,0,0.8465,0.1025,0.051,0
2024-05-05,"Infinitron Peninsula",0.401920082,0.3471147725,0.2509651495,0,0,0.731,0.269,0
2024-05-05,"Infoglen",0.304449073,0.3613601745,0.3341907495,0,0.1915,0.0625,0.746,0
2024-05-05,"Neuronia",0.0513025986,0.290880413,0.159313771,0.4985032105,0,0,0,1
2024-05-05,"Quantumridge",0.159852178,0.3898550135,0.450292833,0,0.835,0,0.165,0
2024-05-05,"Voltagea",0.0902040578,0.4688020235,0.440993922,0,0.274,0,0.726,0
2024-05-06,"Amperville",0.0317280742,0.2217859015,0.7464860255,0,1,0,0,0
2024-05-06,"Binaryshire",0.8135707205,0.034091641885,0.1523376522,0,0,1,0,0
2024-05-06,"Byteforge Domain",0.3172210605,0.15926586375,0.523513083,0,0.9965,0.0035,0,0
2024-05-06,"Cerebrica",0.3139378655,0.3343224655,0.276787482,0.0749522069,0.0735,0.3205,0.606,0
2024-05-06,"Circuiton",0.0700208817,0.4909890515,0.4389900495,0,0.1595,0,0.8405,0
2024-05-06,"Cortexia",0.154888912,0.2287921585,0.301299867,0.3150190625,0.336,0,0.0025,0.6615
2024-05-06,"Electropolis",0.312098643,0.3189266055,0.3689747495,0,0.811,0.05,0.139,0
2024-05-06,"Infinitron Peninsula",0.4111859735,0.3392493165,0.249564696,0,0,0.833,0.167,0
2024-05-06,"Infoglen",0.3007390965,0.3712865645,0.3279743505,0,0.017,5e-04,0.9825,0
2024-05-06,"Neuronia",0.05167063665,0.2886090155,0.1542924898,0.5054278505,0,0,0,1
2024-05-06,"Quantumridge",0.15690496315,0.401247596,0.441847432,0,0.7565,0,0.2435,0
2024-05-06,"Voltagea",0.0907286932,0.4697367975,0.4395344925,0,0.3095,0,0.6905,0
2024-05-07,"Amperville",0.03151481155,0.223316631,0.7451685675,0,1,0,0,0
2024-05-07,"Binaryshire",0.8152081885,0.03355172596,0.1512400883,0,0,1,0,0
2024-05-07,"Byteforge Domain",0.308155609,0.15958106845,0.5322633105,0,0.9995,5e-04,0,0
2024-05-07,"Cerebrica",0.3104286045,0.3350600675,0.282647904,0.07186342165,0.109,0.289,0.602,0
2024-05-07,"Circuiton",0.068544562,0.5038593535,0.4275960645,0,0.05,0,0.95,0
2024-05-07,"Cortexia",0.1519953154,0.2347627595,0.3074695895,0.305772331,0.5135,0,0.0075,0.479
2024-05-07,"Electropolis",0.306049219,0.324712959,0.369237809,0,0.842,0.01,0.148,0
2024-05-07,"Infinitron Peninsula",0.422026198,0.3302338965,0.2477398895,0,0,0.9205,0.0795,0
2024-05-07,"Infoglen",0.2950701605,0.3744172515,0.3305125905,0,0.0795,0.0145,0.906,0
2024-05-07,"Neuronia",0.05210354455,0.287386848,0.14965775895,0.5108518615,0,0,5e-04,0.9995
2024-05-07,"Quantumridge",0.15416865375,0.4121022755,0.433729059,0,0.6555,0,0.3445,0
2024-05-07,"Voltagea",0.09213345595,0.4643245325,0.443542007,0,0.37,0,0.63,0
2024-05-08,"Amperville",0.0312191814,0.2233444575,0.7454363555,0,1,0,0,0
2024-05-08,"Binaryshire",0.816520086,0.033198934845,0.1502809782,0,0,1,0,0
2024-05-08,"Byteforge Domain",0.3002041425,0.1594663221,0.540329545,0,1,0,0,0
2024-05-08,"Cerebrica",0.3074060425,0.3357379825,0.2875983915,0.0692575801,0.1135,0.236,0.6505,0
2024-05-08,"Circuiton",0.0669843787,0.516031519,0.416984103,0,0.0015,0,0.9985,0
2024-05-08,"Cortexia",0.150046636,0.240598256,0.309626177,0.2997289215,0.615,0,0.008,0.377
2024-05-08,"Electropolis",0.2853340475,0.3397092435,0.374956704,0,0.7915,0,0.2085,0
2024-05-08,"Infinitron Peninsula",0.432964581,0.32086707,0.2461683585,0,0,0.9975,0.0025,0
2024-05-08,"Infoglen",0.289811904,0.3792502955,0.330937803,0,0.0705,0.0115,0.918,0
2024-05-08,"Neuronia",0.05230371835,0.2854053895,0.14552232345,0.5167685615,0,0,0,1
2024-05-08,"Quantumridge",0.1518946205,0.421967107,0.4261382825,0,0.5405,0,0.4595,0
2024-05-08,"Voltagea",0.09301905505,0.45786866,0.4491122915,0,0.448,0,0.552,0
2024-05-09,"Amperville",0.03125399805,0.214832283,0.7539137175,0,1,0,0,0
2024-05-09,"Binaryshire",0.8183320575,0.032680344,0.1489875986,0,0,1,0,0
2024-05-09,"Byteforge Domain",0.2922198595,0.15951959285,0.5482605435,0,1,0,0,0
2024-05-09,"Cerebrica",0.3050027365,0.3358759865,0.292583431,0.0665378666,0.0865,0.154,0.7595,0
2024-05-09,"Circuiton",0.06862661945,0.511934747,0.41943864,0,0.0345,0,0.9655,0
2024-05-09,"Cortexia",0.1475479755,0.246370362,0.3118698725,0.294211778,0.8185,0,0,0.1815
2024-05-09,"Electropolis",0.281370052,0.322680523,0.3959494255,0,0.942,5e-04,0.0575,0
2024-05-09,"Infinitron Peninsula",0.4181312195,0.3368836485,0.244985131,0,0,0.909,0.091,0
2024-05-09,"Infoglen",0.284927803,0.384204071,0.330868127,0,0.011,0,0.989,0
2024-05-09,"Neuronia",0.05264548235,0.28336039,0.1414382728,0.522555869,0,0,5e-04,0.9995
2024-05-09,"Quantumridge",0.14943797,0.432761793,0.4178002395,0,0.3165,0,0.6835,0
2024-05-09,"Voltagea",0.09647546575,0.438358705,0.4651658505,0,0.673,0,0.327,0
2024-05-10,"Amperville",0.031244445,0.2052558255,0.763499732,0,1,0,0,0
2024-05-10,"Binaryshire",0.819584402,0.0323729049,0.14804271035,0,0,1,0,0
2024-05-10,"Byteforge Domain",0.2851302035,0.15962250395,0.5552473055,0,1,0,0,0
2024-05-10,"Cerebrica",0.2984449325,0.341461219,0.2966134445,0.0634804153,0.009,0.0175,0.9735,0
2024-05-10,"Circuiton",0.0701675115,0.5090390135,0.4207934815,0,0.0675,0,0.9325,0
2024-05-10,"Cortexia",0.139741593,0.281728874,0.285996225,0.292533296,0.322,0,0.249,0.429
2024-05-10,"Electropolis",0.2741210845,0.3059806495,0.4198982595,0,0.9955,0,0.0045,0
2024-05-10,"Infinitron Peninsula",0.402967828,0.3534744005,0.243557749,0,0,0.759,0.241,0
2024-05-10,"Infoglen",0.279086607,0.390571438,0.33034194,0,0.018,0,0.982,0
2024-05-10,"Neuronia",0.0527997405,0.2845662515,0.13749272375,0.525141266,0,0,0.001,0.999
2024-05-10,"Quantumridge",0.15124621615,0.4232396025,0.42551417,0,0.523,0,0.477,0
2024-05-10,"Voltagea",0.10013996195,0.416624053,0.483235986,0,0.854,0,0.146,0
2024-05-11,"Amperville",0.03090713635,0.215169617,0.753923229,0,1,0,0,0
2024-05-11,"Binaryshire",0.823812164,0.0314813496,0.144706487,0,0,1,0,0
2024-05-11,"Byteforge Domain",0.2962285015,0.15783656225,0.5459349305,0,0.9995,5e-04,0,0
2024-05-11,"Cerebrica",0.3100758345,0.332938619,0.2915590175,0.06542652245,0.0735,0.2405,0.686,0
2024-05-11,"Circuiton",0.0691966685,0.52565143,0.405151915,0,0.044,0,0.956,0
2024-05-11,"Cortexia",0.141304571,0.286287166,0.279398934,0.2930093135,0.1675,0,0.317,0.5155
2024-05-11,"Electropolis",0.2751931785,0.327319389,0.3974874525,0,0.9265,0,0.0735,0
2024-05-11,"Infinitron Peninsula",0.394235601,0.3664602785,0.2393041165,0,0,0.6325,0.3675,0
2024-05-11,"Infoglen",0.3107191815,0.3828698535,0.3064109625,0,0,0.007,0.993,0
2024-05-11,"Neuronia",0.05356515265,0.280603036,0.13512061225,0.530711187,0,0,0.001,0.999
2024-05-11,"Quantumridge",0.15428323655,0.4169611585,0.428755617,0,0.5765,0,0.4235,0
2024-05-11,"Voltagea",0.1003450673,0.422981552,0.4766734015,0,0.8025,0,0.1975,0
2024-05-12,"Amperville",0.030637856,0.2248070075,0.744555128,0,1,0,0,0
2024-05-12,"Binaryshire",0.828266568,0.03045619625,0.1412772395,0,0,1,0,0
2024-05-12,"Byteforge Domain",0.307375702,0.1556264398,0.5369978575,0,0.9995,5e-04,0,0
2024-05-12,"Cerebrica",0.3225358675,0.3241792925,0.285767903,0.0675169302,0.0215,0.4625,0.516,0
2024-05-12,"Circuiton",0.06847799055,0.5414873935,0.3900346265,0,0.014,0,0.986,0
2024-05-12,"Cortexia",0.1423768695,0.284745819,0.281353634,0.2915236745,0.2695,0,0.3405,0.39
2024-05-12,"Electropolis",0.2747932305,0.349301822,0.3759049555,0,0.718,0.002,0.28,0
2024-05-12,"Infinitron Peninsula",0.3860491885,0.3789528025,0.234998006,0,0,0.5415,0.4585,0
2024-05-12,"Infoglen",0.3101212705,0.389405051,0.300473697,0,0.0025,0.0485,0.949,0
2024-05-12,"Neuronia",0.05410898875,0.277082943,0.13253239555,0.5362757,0,0,0.001,0.999
2024-05-12,"Quantumridge",0.1576548407,0.410856487,0.431488682,0,0.6315,0,0.3685,0
2024-05-12,"Voltagea",0.1004419608,0.428846663,0.470711387,0,0.759,0,0.241,0
2024-05-13,"Amperville",0.0305541132,0.2234880465,0.745957842,0,1,0,0,0
2024-05-13,"Binaryshire",0.829670214,0.0309079065,0.139421885,0,0,1,0,0
2024-05-13,"Byteforge Domain",0.3134515745,0.15207074725,0.534477682,0,0.999,0.001,0,0
2024-05-13,"Cerebrica",0.3126927255,0.331775333,0.287965978,0.06756595235,0.082,0.2945,0.6235,0
2024-05-13,"Circuiton",0.0690953036,0.5469156235,0.3839890695,0,0.0135,0,0.9865,0
2024-05-13,"Cortexia",0.141067653,0.26247795,0.305507901,0.290946476,0.616,0,0.0935,0.2905
2024-05-13,"Electropolis",0.27738222,0.3470251895,0.3755926045,0,0.72,0.0055,0.2745,0
2024-05-13,"Infinitron Peninsula",0.3777689365,0.390502927,0.2317281245,0,0,0.4315,0.5685,0
2024-05-13,"Infoglen",0.3148416865,0.3763384245,0.3088199105,0,0.021,0.114,0.865,0
2024-05-13,"Neuronia",0.05471506825,0.2712842985,0.13061968055,0.54338096,0,0,0,1
2024-05-13,"Quantumridge",0.1613880933,0.401118014,0.437493893,0,0.6995,0,0.3005,0
2024-05-13,"Voltagea",0.1024484937,0.4213471515,0.47620436,0,0.875,0,0.125,0
2024-05-14,"Amperville",0.03018067142,0.2275112915,0.742308035,0,1,0,0,0
2024-05-14,"Binaryshire",0.8307085005,0.0314513049,0.1378401801,0,0,1,0,0
2024-05-14,"Byteforge Domain",0.3189295015,0.14991731525,0.531153167,0,0.9995,5e-04,0,0
2024-05-14,"Cerebrica",0.298659683,0.3485491035,0.2852985195,0.06749270785,0.04,0.0985,0.8615,0
2024-05-14,"Circuiton",0.06838531415,0.5577640315,0.373850659,0,0.0035,0,0.9965,0
2024-05-14,"Cortexia",0.1387515838,0.247969123,0.3203654395,0.292913864,0.7865,0,0.0155,0.198
2024-05-14,"Electropolis",0.267404703,0.3639151925,0.368680099,0,0.54,0,0.46,0
2024-05-14,"Infinitron Peninsula",0.3674421295,0.404130831,0.228427032,0,0,0.3015,0.6985,0
2024-05-14,"Infoglen",0.3066971415,0.38098569,0.3123171795,0,0.021,0.048,0.931,0
2024-05-14,"Neuronia",0.05523836455,0.2656784525,0.128262297,0.5508208965,0,0,0,1
2024-05-14,"Quantumridge",0.1643578515,0.3924574295,0.443184715,0,0.7645,0,0.2355,0
2024-05-14,"Voltagea",0.102780888,0.420973698,0.4762454195,0,0.975,0,0.025,0
2024-05-15,"Amperville",0.0297301769,0.2360566145,0.7342132105,0,1,0,0,0
2024-05-15,"Binaryshire",0.8324385425,0.03188278035,0.135678677,0,0,1,0,0
2024-05-15,"Byteforge Domain",0.3259184015,0.1484810224,0.525600591,0,0.999,0.001,0,0
2024-05-15,"Cerebrica",0.2846564535,0.373481877,0.2745888915,0.06727277225,0,0,1,0
2024-05-15,"Circuiton",0.0672165616,0.5733920055,0.3593914365,0,0,0,1,0
2024-05-15,"Cortexia",0.1359808335,0.2434379085,0.329591043,0.290990228,0.9455,0,5e-04,0.054
2024-05-15,"Electropolis",0.252438456,0.3968203815,0.350741182,0,0.1265,0,0.8735,0
2024-05-15,"Infinitron Peninsula",0.357124091,0.4184794075,0.2243965145,0,0,0.15,0.85,0
2024-05-15,"Infoglen",0.2932915905,0.397498368,0.309210039,0,0,0,1,0
2024-05-15,"Neuronia",0.05549232505,0.2623315315,0.12602202785,0.556154121,0,0,0,1
2024-05-15,"Quantumridge",0.16658742175,0.385566914,0.4478456785,0,0.8025,0,0.1975,0
2024-05-15,"Voltagea",0.1014041988,0.4673830305,0.4312127435,0,0.1835,0,0.8165,0
2024-05-16,"Amperville",0.0295828174,0.237144386,0.733272799,0,1,0,0,0
2024-05-16,"Binaryshire",0.834192758,0.03222477095,0.1335824665,0,0,1,0,0
2024-05-16,"Byteforge Domain",0.3312050535,0.14848320405,0.5203117375,0,0.9945,0.0055,0,0
2024-05-16,"Cerebrica",0.276270022,0.3824967915,0.273582027,0.06765114325,0.0055,0.002,0.9925,0
2024-05-16,"Circuiton",0.0673142148,0.580767768,0.351918017,0,0,0,1,0
2024-05-16,"Cortexia",0.1354262963,0.2548264425,0.318213193,0.2915340905,0.857,0,0.008,0.135
2024-05-16,"Electropolis",0.2624826335,0.391467363,0.3460500165,0,0.1635,0,0.8365,0
2024-05-16,"Infinitron Peninsula",0.343003164,0.4370803875,0.2199164425,0,0,0.0045,0.9955,0
2024-05-16,"Infoglen",0.2675457845,0.430293976,0.302160213,0,0,0,1,0
2024-05-16,"Neuronia",0.0559283741,0.2598427165,0.1226827999,0.561546115,0,0,0,1
2024-05-16,"Quantumridge",0.16770481645,0.381486517,0.4508086665,0,0.846,0,0.154,0
2024-05-16,"Voltagea",0.102221617,0.5026425435,0.3951358485,0,0.007,0,0.993,0
2024-05-17,"Amperville",0.02945087045,0.236878251,0.7336708745,0,1,0,0,0
2024-05-17,"Binaryshire",0.839758928,0.03026348645,0.12997758815,0,0,1,0,0
2024-05-17,"Byteforge Domain",0.3342251185,0.14994381825,0.515831062,0,0.993,0.007,0,0
2024-05-17,"Cerebrica",0.2889240715,0.3650192785,0.277482374,0.06857428105,0.0475,0.0655,0.887,0
2024-05-17,"Circuiton",0.0673393775,0.5879445735,0.344716059,0,0,0,1,0
2024-05-17,"Cortexia",0.1440444842,0.248969768,0.3127771595,0.29420858,0.699,0,0.0255,0.2755
2024-05-17,"Electropolis",0.270330141,0.3864423015,0.3432275685,0,0.1765,0.005,0.8185,0
2024-05-17,"Infinitron Peninsula",0.2999802795,0.491483015,0.2085367155,0,0,0,1,0
2024-05-17,"Infoglen",0.242199247,0.4625515925,0.2952491785,0,0,0,1,0
2024-05-17,"Neuronia",0.05651668055,0.255124687,0.12029064165,0.568068006,0,0,0,1
2024-05-17,"Quantumridge",0.1689873077,0.376938696,0.4540740185,0,0.878,0,0.122,0
2024-05-17,"Voltagea",0.1023604146,0.535791582,0.361848012,0,0,0,1,0
2024-05-18,"Amperville",0.0293116499,0.2369008195,0.7337875185,0,1,0,0,0
2024-05-18,"Binaryshire",0.8450435355,0.0284276988,0.1265287613,0,0,1,0,0
2024-05-18,"Byteforge Domain",0.3387259295,0.15009835005,0.511175712,0,0.9925,0.0075,0,0
2024-05-18,"Cerebrica",0.3013461275,0.3491682435,0.280164154,0.0693214619,0.0865,0.1915,0.722,0
2024-05-18,"Circuiton",0.0725553125,0.566755204,0.3606894855,0,0,0,1,0
2024-05-18,"Cortexia",0.1528218355,0.2437679995,0.306111358,0.29729882,0.592,0,0.0165,0.3915
2024-05-18,"Electropolis",0.2783119465,0.38162767,0.3400603905,0,0.1655,0.006,0.8285,0
2024-05-18,"Infinitron Peninsula",0.3207867245,0.4514648165,0.227748453,0,0,0,1,0
2024-05-18,"Infoglen",0.2922054575,0.385691452,0.322103065,0,0.001,0,0.999,0
2024-05-18,"Neuronia",0.05708190555,0.252450044,0.11728150265,0.573186569,0,0,0,1
2024-05-18,"Quantumridge",0.169998154,0.373228669,0.456773176,0,0.9025,0,0.0975,0
2024-05-18,"Voltagea",0.1014153828,0.513848491,0.384736119,0,0.001,0,0.999,0
2024-05-19,"Amperville",0.030035464155,0.226364151,0.7436003945,0,1,0,0,0
2024-05-19,"Binaryshire",0.850428629,0.0266450536,0.12292630675,0,0,1,0,0
2024-05-19,"Byteforge Domain",0.33917273,0.1508709339,0.509956352,0,0.9945,0.0055,0,0
2024-05-19,"Cerebrica",0.310985991,0.332680633,0.286565777,0.06976761515,0.151,0.3065,0.5425,0
2024-05-19,"Circuiton",0.0784427786,0.5419794655,0.3795777545,0,0.004,0,0.996,0
2024-05-19,"Cortexia",0.15868756,0.236308562,0.3099009365,0.2951029375,0.694,0,0.0035,0.3025
2024-05-19,"Electropolis",0.279957494,0.3782275825,0.341814909,0,0.175,0.003,0.822,0
2024-05-19,"Infinitron Peninsula",0.347237676,0.422755327,0.2300070015,0,0,0.0455,0.9545,0
2024-05-19,"Infoglen",0.318155074,0.3680891805,0.313755743,0,5e-04,0.0075,0.992,0
2024-05-19,"Neuronia",0.0576989444,0.2488357295,0.11470876115,0.57875656,0,0,0,1
2024-05-19,"Quantumridge",0.1705016205,0.369066965,0.4604314225,0,0.941,0,0.059,0
2024-05-19,"Voltagea",0.10047379085,0.4887430145,0.4107831915,0,0.095,0,0.905,0
2024-05-20,"Amperville",0.03069322145,0.224467549,0.7448392265,0,1,0,0,0
2024-05-20,"Binaryshire",0.856370899,0.0247161823,0.1189129239,0,0,1,0,0
2024-05-20,"Byteforge Domain",0.3494752105,0.1508609101,0.4996638755,0,0.9955,0.0045,0,0
2024-05-20,"Cerebrica",0.330953676,0.322035333,0.2772965895,0.06971440855,0.104,0.494,0.402,0
2024-05-20,"Circuiton",0.08309196785,0.5266503705,0.390257658,0,0.0145,0,0.9855,0
2024-05-20,"Cortexia",0.1729042555,0.2416498505,0.295282445,0.290163437,0.6185,0,0,0.3815
2024-05-20,"Electropolis",0.292936691,0.3811486795,0.3259146165,0,0.0365,0.0025,0.961,0
2024-05-20,"Infinitron Peninsula",0.375695687,0.3939793605,0.230324968,0,0,0.243,0.757,0
2024-05-20,"Infoglen",0.3018076655,0.373377807,0.3248145235,0,0.0315,0.0105,0.958,0
2024-05-20,"Neuronia",0.05737696785,0.248791165,0.11506959405,0.578762271,0,0,0,1
2024-05-20,"Quantumridge",0.17185739,0.366773268,0.461369343,0,0.9755,0,0.0245,0
2024-05-20,"Voltagea",0.09830794935,0.474058502,0.427633546,0,0.251,0,0.749,0
2024-05-21,"Amperville",0.0312044089,0.2248245805,0.7439710095,0,1,0,0,0
2024-05-21,"Binaryshire",0.860025727,0.0238200813,0.11615419715,0,0,1,0,0
2024-05-21,"Byteforge Domain",0.372066877,0.148264766,0.479668348,0,0.9735,0.0265,0,0
2024-05-21,"Cerebrica",0.349640867,0.3139743205,0.266569119,0.0698156857,0.0505,0.6805,0.269,0
2024-05-21,"Circuiton",0.0872964049,0.513058584,0.3996449935,0,0.0495,0,0.9505,0
2024-05-21,"Cortexia",0.182948645,0.232856221,0.299061247,0.2851338865,0.7945,0,0,0.2055
2024-05-21,"Electropolis",0.306005264,0.367431405,0.3265633375,0,0.1235,0.085,0.7915,0
2024-05-21,"Infinitron Peninsula",0.3865260435,0.3842401125,0.229233847,0,0,0.53,0.47,0
2024-05-21,"Infoglen",0.3130618265,0.3630014205,0.3239367765,0,0.0955,0.1085,0.796,0
2024-05-21,"Neuronia",0.0568477331,0.2479732855,0.1148559682,0.5803230135,0,0,0,1
2024-05-21,"Quantumridge",0.1746776915,0.3645688025,0.4607534885,0,1,0,0,0
2024-05-21,"Voltagea",0.09604485705,0.4607966985,0.443158428,0,0.4,0,0.6,0
2024-05-22,"Amperville",0.03176154905,0.2231791805,0.7450592625,0,1,0,0,0
2024-05-22,"Binaryshire",0.8643557435,0.0227451644,0.1128990864,0,0,1,0,0
2024-05-22,"Byteforge Domain",0.3974003295,0.1444241575,0.4581755015,0,0.9165,0.0835,0,0
2024-05-22,"Cerebrica",0.371957109,0.3022530585,0.256234029,0.06955580535,0.0105,0.8675,0.122,0
2024-05-22,"Circuiton",0.0921501853,0.4973254525,0.4105243625,0,0.1025,0,0.8975,0
2024-05-22,"Cortexia",0.191355922,0.2362568285,0.271275307,0.3011119595,0.033,0,0,0.967
2024-05-22,"Electropolis",0.3291988495,0.342813297,0.3279878305,0,0.2045,0.3125,0.483,0
2024-05-22,"Infinitron Peninsula",0.3987256265,0.3736763055,0.227598054,0,0,0.676,0.324,0
2024-05-22,"Infoglen",0.330895361,0.345897864,0.323206767,0,0.1045,0.3135,0.582,0
2024-05-22,"Neuronia",0.056579193,0.2464388765,0.1148823774,0.582099561,0,0,0,1
2024-05-22,"Quantumridge",0.1837551445,0.3637003525,0.452544508,0,0.999,0,0.001,0
2024-05-22,"Voltagea",0.0940799299,0.4456982625,0.4602217995,0,0.5805,0,0.4195,0
2024-05-23,"Amperville",0.03206856095,0.2279196685,0.7400117815,0,1,0,0,0
2024-05-23,"Binaryshire",0.8685137795,0.021842887165,0.1096433439,0,0,1,0,0
2024-05-23,"Byteforge Domain",0.4186191515,0.1431941795,0.4381866865,0,0.7735,0.2265,0,0
2024-05-23,"Cerebrica",0.383336289,0.302906033,0.244519728,0.0692379413,0,0.9445,0.0555,0
2024-05-23,"Circuiton",0.0953398803,0.4883083585,0.416351782,0,0.113,0,0.887,0
2024-05-23,"Cortexia",0.1901059815,0.227350278,0.2756605005,0.306883236,0.1095,0,0,0.8905
2024-05-23,"Electropolis",0.320732852,0.353577252,0.325689888,0,0.173,0.2285,0.5985,0
2024-05-23,"Infinitron Peninsula",0.4066208315,0.367305883,0.2260732785,0,0,0.764,0.236,0
2024-05-23,"Infoglen",0.324000359,0.355992037,0.3200076185,0,0.0285,0.0775,0.894,0
2024-05-23,"Neuronia",0.0558587405,0.2480322785,0.1141559916,0.5819529835,0,0,0,1
2024-05-23,"Quantumridge",0.179529656,0.366429876,0.454040456,0,0.9775,0,0.0225,0
2024-05-23,"Voltagea",0.0895013709,0.439465054,0.4710335515,0,0.669,0,0.331,0
2024-05-24,"Amperville",0.03253733684,0.2309216005,0.736541053,0,1,0,0,0
2024-05-24,"Binaryshire",0.8723295945,0.020814643435,0.106855763,0,0,1,0,0
2024-05-24,"Byteforge Domain",0.35605927,0.1477383715,0.496202356,0,1,0,0,0
2024-05-24,"Cerebrica",0.3970224645,0.301807705,0.2324353515,0.06873449325,0,0.999,0.001,0
2024-05-24,"Circuiton",0.0989953832,0.478298518,0.422706114,0,0.147,0,0.853,0
2024-05-24,"Cortexia",0.18998022,0.2188430745,0.2815828405,0.3095938415,0.142,0,0,0.858
2024-05-24,"Electropolis",0.3165726325,0.3591306105,0.324296741,0,0.16,0.212,0.628,0
2024-05-24,"Infinitron Peninsula",0.4142148855,0.360866492,0.224918613,0,0,0.9735,0.0265,0
2024-05-24,"Infoglen",0.320387111,0.365780869,0.3138320195,0,0.0355,0.156,0.8085,0
2024-05-24,"Neuronia",0.05498839115,0.2500616555,0.1137469793,0.5812029855,0,0,0,1
2024-05-24,"Quantumridge",0.1755660585,0.36850228,0.455931664,0,0.945,0,0.055,0
2024-05-24,"Voltagea",0.08524988775,0.4315773365,0.4831727675,0,0.7755,0,0.2245,0
2024-05-25,"Amperville",0.03295353224,0.2328856935,0.734160768,0,1,0,0,0
2024-05-25,"Binaryshire",0.8761182005,0.019861260805,0.1040205385,0,0,1,0,0
2024-05-25,"Byteforge Domain",0.3746823295,0.1415283643,0.483789306,0,0.9925,0.0075,0,0
2024-05-25,"Cerebrica",0.3813042795,0.309355056,0.241080603,0.0682600483,0,0.923,0.077,0
2024-05-25,"Circuiton",0.10325865945,0.466124303,0.430617041,0,0.1295,0,0.8705,0
2024-05-25,"Cortexia",0.1810468995,0.216590445,0.2941660905,0.3081965545,0.3425,0,0.001,0.6565
2024-05-25,"Electropolis",0.314519525,0.3600373495,0.3254431185,0,0.1685,0.1975,0.634,0
2024-05-25,"Infinitron Peninsula",0.412862118,0.3588365435,0.228301349,0,0,0.8695,0.1305,0
2024-05-25,"Infoglen",0.317835724,0.372392432,0.309771842,0,0.031,0.154,0.815,0
2024-05-25,"Neuronia",0.05717083925,0.2490430715,0.1196366738,0.5741494185,0,0,0,1
2024-05-25,"Quantumridge",0.1715345526,0.3705857045,0.4578797365,0,0.9205,0,0.0795,0
2024-05-25,"Voltagea",0.08137269895,0.4219566275,0.4966706705,0,0.8975,0,0.1025,0
2024-05-26,"Amperville",0.033261122555,0.2350010195,0.7317378405,0,1,0,0,0
2024-05-26,"Binaryshire",0.879795591,0.01893067785,0.10127372735,0,0,1,0,0
2024-05-26,"Byteforge Domain",0.392521887,0.1351748796,0.4723032345,0,0.9555,0.0445,0,0
2024-05-26,"Cerebrica",0.3671474075,0.3150848255,0.249954288,0.0678134921,0.003,0.815,0.182,0
2024-05-26,"Circuiton",0.10310642545,0.465249237,0.431644336,0,0.2565,0,0.7435,0
2024-05-26,"Cortexia",0.1725238975,0.2138126685,0.3076885485,0.3059748815,0.511,0,0.0015,0.4875
2024-05-26,"Electropolis",0.311701727,0.3624999625,0.3257983065,0,0.154,0.1635,0.6825,0
2024-05-26,"Infinitron Peninsula",0.412139864,0.3564697115,0.23139041,0,0,0.862,0.138,0
2024-05-26,"Infoglen",0.315438934,0.3787877505,0.30577332,0,0.0195,0.13,0.8505,0
2024-05-26,"Neuronia",0.05954262665,0.247618,0.12538001425,0.567459334,0,0,0,1
2024-05-26,"Quantumridge",0.16722273965,0.3724294135,0.4603478545,0,0.914,0,0.086,0
2024-05-26,"Voltagea",0.07770566455,0.4122326075,0.5100617125,0,0.978,0,0.022,0
2024-05-27,"Amperville",0.03342200819,0.2376402675,0.728937725,0,1,0,0,0
2024-05-27,"Binaryshire",0.87380317,0.01942459338,0.1067722367,0,0,1,0,0
2024-05-27,"Byteforge Domain",0.409965616,0.1294179344,0.460616454,0,0.8795,0.1205,0,0
2024-05-27,"Cerebrica",0.350982636,0.3232036985,0.258633782,0.06717988805,0.0285,0.659,0.3125,0
2024-05-27,"Circuiton",0.10279857445,0.4649639805,0.432237434,0,0.303,0,0.697,0
2024-05-27,"Cortexia",0.1631602739,0.212720567,0.321217428,0.302901724,0.677,0,0.0025,0.3205
2024-05-27,"Electropolis",0.3056285685,0.367845478,0.326525963,0,0.128,0.1005,0.7715,0
2024-05-27,"Infinitron Peninsula",0.4098141275,0.354402053,0.2357838265,0,0,0.9755,0.0245,0
2024-05-27,"Infoglen",0.3103065425,0.3881231875,0.301570284,0,0.0095,0.075,0.9155,0
2024-05-27,"Neuronia",0.0619046426,0.246216409,0.13141762385,0.560461342,0,0,0,1
2024-05-27,"Quantumridge",0.1626416952,0.374342861,0.463015458,0,0.909,0,0.091,0
2024-05-27,"Voltagea",0.07385585075,0.403431018,0.522713138,0,1,0,0,0
2024-05-28,"Amperville",0.03383546578,0.2396780165,0.726486523,0,1,0,0,0
2024-05-28,"Binaryshire",0.8678104135,0.01984886754,0.1123407201,0,0,1,0,0
2024-05-28,"Byteforge Domain",0.427549817,0.1229341525,0.4495160385,0,0.764,0.236,0,0
2024-05-28,"Cerebrica",0.334989498,0.3304123075,0.2678450915,0.06675309715,0.051,0.506,0.443,0
2024-05-28,"Circuiton",0.10220600635,0.4647719885,0.433022011,0,0.317,0,0.683,0
2024-05-28,"Cortexia",0.15477726545,0.2107792545,0.335035434,0.2994080615,0.8545,0,0.0025,0.143
2024-05-28,"Electropolis",0.299039728,0.3737128105,0.3272474575,0,0.0815,0.0295,0.889,0
2024-05-28,"Infinitron Peninsula",0.4134889765,0.348473655,0.238037368,0,0,0.8845,0.1155,0
2024-05-28,"Infoglen",0.3043239335,0.3976299085,0.2980461575,0,0.001,0.0185,0.9805,0
2024-05-28,"Neuronia",0.0640717716,0.245094156,0.1369989865,0.553835084,0,0,0,1
2024-05-28,"Quantumridge",0.1584183817,0.376017447,0.465564169,0,0.922,0,0.078,0
2024-05-28,"Voltagea",0.0776574323,0.407432977,0.5149095885,0,0.99,0,0.01,0
2024-05-29,"Amperville",0.03387407839,0.247148091,0.718977824,0,1,0,0,0
2024-05-29,"Binaryshire",0.8614085825,0.020300125765,0.1182912854,0,0,1,0,0
2024-05-29,"Byteforge Domain",0.403931997,0.12468483525,0.4713831505,0,0.9855,0.0145,0,0
2024-05-29,"Cerebrica",0.2910124715,0.345031058,0.297649939,0.0663065018,0.225,0.1285,0.6465,0
2024-05-29,"Circuiton",0.1009787399,0.469476043,0.429545222,0,0.285,0,0.715,0
2024-05-29,"Cortexia",0.1305154845,0.20320535,0.375862324,0.2904168475,0.9785,0,0.0015,0.02
2024-05-29,"Electropolis",0.286577632,0.394328842,0.3190935155,0,0,0,1,0
2024-05-29,"Infinitron Peninsula",0.4177871985,0.3427232965,0.239489504,0,0,0.8775,0.1225,0
2024-05-29,"Infoglen",0.292672679,0.41974792,0.2875794075,0,0,0,1,0
2024-05-29,"Neuronia",0.06199922595,0.228777245,0.1346552135,0.5745682925,0,0,0,1
2024-05-29,"Quantumridge",0.15393570955,0.3788679615,0.467196331,0,0.9195,0,0.0805,0
2024-05-29,"Voltagea",0.0810163999,0.4181290185,0.500854578,0,0.944,0,0.056,0
2024-05-30,"Amperville",0.03411903676,0.254645358,0.7112356205,0,1,0,0,0
2024-05-30,"Binaryshire",0.8550975295,0.02070984608,0.12419261545,0,0,1,0,0
2024-05-30,"Byteforge Domain",0.398725634,0.12736924755,0.473905114,0,0.9545,0.0455,0,0
2024-05-30,"Cerebrica",0.250813125,0.356347862,0.327562509,0.06527649715,0.3675,0.007,0.6255,0
2024-05-30,"Circuiton",0.09982248975,0.4739528295,0.4262246635,0,0.242,0,0.758,0
2024-05-30,"Cortexia",0.10898826385,0.1950318075,0.416484366,0.279495557,0.9995,0,0,5e-04
2024-05-30,"Electropolis",0.302665872,0.361212712,0.3361214035,0,0.097,5e-04,0.9025,0
2024-05-30,"Infinitron Peninsula",0.4206572525,0.339206262,0.240136474,0,0,0.893,0.107,0
2024-05-30,"Infoglen",0.308912988,0.3976994745,0.2933875385,0,5e-04,0.02,0.9795,0
2024-05-30,"Neuronia",0.0591115171,0.2168086465,0.126494663,0.5975851775,0,0,0,1
2024-05-30,"Quantumridge",0.14768470035,0.388399219,0.463916095,0,0.908,0,0.092,0
2024-05-30,"Voltagea",0.0841356639,0.427805676,0.488058658,0,0.8685,0,0.1315,0
2024-05-31,"Amperville",0.03452596136,0.2523335537,0.713140473,0,1,0,0,0
2024-05-31,"Binaryshire",0.849091311,0.02104487027,0.1298638079,0,0,1,0,0
2024-05-31,"Byteforge Domain",0.39587306,0.1287267963,0.4754001445,0,0.97,0.03,0,0
2024-05-31,"Cerebrica",0.2625169915,0.3504361555,0.32241517,0.06463169615,0.3465,0.028,0.6255,0
2024-05-31,"Circuiton",0.0998336886,0.4706478615,0.42951844,0,0.276,0,0.724,0
2024-05-31,"Cortexia",0.1117301768,0.1929818945,0.415116795,0.280171147,0.997,0,0,0.003
2024-05-31,"Electropolis",0.3204917525,0.344967125,0.334541117,0,0.286,0.194,0.52,0
2024-05-31,"Infinitron Peninsula",0.423636048,0.3356568765,0.2407070885,0,0,0.944,0.056,0
2024-05-31,"Infoglen",0.328323513,0.374064098,0.2976123935,0,0.0025,0.1205,0.877,0
2024-05-31,"Neuronia",0.0581183067,0.222241869,0.12947757205,0.590162255,0,0,0,1
2024-05-31,"Quantumridge",0.14215850545,0.3982285755,0.459612909,0,0.8955,0,0.1045,0
2024-05-31,"Voltagea",0.0888180931,0.424819986,0.4863619125,0,0.908,0,0.092,0
2024-06-01,"Amperville",0.035197449595,0.2493434045,0.715459134,0,1,0,0,0
2024-06-01,"Binaryshire",0.8420377075,0.02159449215,0.136367821,0,0,1,0,0
2024-06-01,"Byteforge Domain",0.3786571415,0.132672672,0.488670184,0,1,0,0,0
2024-06-01,"Cerebrica",0.2772035995,0.343818112,0.3150592555,0.0639190493,0.3285,0.077,0.5945,0
2024-06-01,"Circuiton",0.1001748107,0.466762629,0.433062567,0,0.2925,0,0.7075,0
2024-06-01,"Cortexia",0.1154725908,0.1918036537,0.412014625,0.280709133,0.9935,0,0,0.0065
2024-06-01,"Electropolis",0.34783522,0.321931806,0.3302329785,0,0.2035,0.5415,0.255,0
2024-06-01,"Infinitron Peninsula",0.423163738,0.3345197635,0.242316493,0,0,0.9995,5e-04,0
2024-06-01,"Infoglen",0.3217877855,0.363199531,0.3150126885,0,0.0565,0.1875,0.756,0
2024-06-01,"Neuronia",0.05726045745,0.228308144,0.13274418195,0.581687223,0,0,0,1
2024-06-01,"Quantumridge",0.1358090465,0.4062092775,0.4579816985,0,0.9585,0,0.0415,0
2024-06-01,"Voltagea",0.09441501895,0.4204287145,0.4851562685,0,0.991,0,0.009,0
2024-06-02,"Amperville",0.035780284305,0.247459636,0.716760092,0,1,0,0,0
2024-06-02,"Binaryshire",0.835236707,0.0219547169,0.1428085507,0,0,1,0,0
2024-06-02,"Byteforge Domain",0.374104427,0.13191592235,0.4939796385,0,0.995,0.005,0,0
2024-06-02,"Cerebrica",0.293518347,0.336412271,0.3068675815,0.063201791,0.266,0.17,0.564,0
2024-06-02,"Circuiton",0.1004709129,0.462952459,0.436576629,0,0.304,0,0.696,0
2024-06-02,"Cortexia",0.12032761045,0.1901776872,0.4084768245,0.281017902,0.9855,0,5e-04,0.014
2024-06-02,"Electropolis",0.3807337455,0.2962195475,0.3230466995,0,0.1,0.8345,0.0655,0
2024-06-02,"Infinitron Peninsula",0.4221470065,0.333707712,0.2441452815,0,0,0.9375,0.0625,0
2024-06-02,"Infoglen",0.317616216,0.351048818,0.331334967,0,0.226,0.183,0.591,0
2024-06-02,"Neuronia",0.0564566158,0.2334176185,0.13602723545,0.5740985265,0,0,0,1
2024-06-02,"Quantumridge",0.1371715794,0.4001646975,0.462663761,0,0.89,0,0.11,0
2024-06-02,"Voltagea",0.0980116525,0.43779079,0.464197563,0,0.7225,0,0.2775,0
2024-06-03,"Amperville",0.036637686005,0.2440743445,0.719287971,0,1,0,0,0
2024-06-03,"Binaryshire",0.827790644,0.02235878075,0.149850572,0,0,1,0,0
2024-06-03,"Byteforge Domain",0.371520354,0.13005156985,0.498428066,0,0.9925,0.0075,0,0
2024-06-03,"Cerebrica",0.3127016875,0.3255735195,0.2992547905,0.0624699939,0.209,0.3285,0.4625,0
2024-06-03,"Circuiton",0.1012256231,0.457160169,0.441614202,0,0.294,0,0.706,0
2024-06-03,"Cortexia",0.1258808393,0.18683211265,0.4077623025,0.2795247375,0.976,0,0.0025,0.0215
2024-06-03,"Electropolis",0.4228374935,0.263679159,0.3134833545,0,0.02,0.9775,0.0025,0
2024-06-03,"Infinitron Peninsula",0.4227963795,0.3315337985,0.2456698435,0,0,0.871,0.129,0
2024-06-03,"Infoglen",0.3183432115,0.3334196935,0.3482370925,0,0.5905,0.1365,0.273,0
2024-06-03,"Neuronia",0.0556926976,0.2390975115,0.13929034735,0.565919453,0,0,0,1
2024-06-03,"Quantumridge",0.1383740008,0.3936797225,0.467946256,0,0.8705,0,0.1295,0
2024-06-03,"Voltagea",0.10189935345,0.453646188,0.444454441,0,0.4175,0,0.5825,0
2024-06-04,"Amperville",0.03687221849,0.2446288951,0.7184988875,0,1,0,0,0
2024-06-04,"Binaryshire",0.821033187,0.02266978655,0.1562970355,0,0,1,0,0
2024-06-04,"Byteforge Domain",0.377347426,0.12962738005,0.49302521,0,0.9805,0.0195,0,0
2024-06-04,"Cerebrica",0.3126229175,0.3284377405,0.2971365685,0.06180277275,0.167,0.308,0.525,0
2024-06-04,"Circuiton",0.09289005395,0.4713850455,0.435724885,0,0.069,0,0.931,0
2024-06-04,"Cortexia",0.12504213225,0.18911121235,0.406064703,0.279781969,0.965,0,0.005,0.03
2024-06-04,"Electropolis",0.4057907175,0.276961479,0.3172478125,0,0.06,0.9165,0.0235,0
2024-06-04,"Infinitron Peninsula",0.4201183245,0.333367601,0.2465140655,0,0,0.8255,0.1745,0
2024-06-04,"Infoglen",0.314445442,0.3428106055,0.34274396,0,0.418,0.1425,0.4395,0
2024-06-04,"Neuronia",0.0544645441,0.2457696825,0.1419249415,0.5578408295,0,0,0,1
2024-06-04,"Quantumridge",0.1389086805,0.3935847625,0.4675065355,0,0.8235,0,0.177,0
2024-06-04,"Voltagea",0.10221623955,0.47610418,0.4216795775,0,0.1065,0,0.8935,0
2024-06-05,"Amperville",0.037029095025,0.2465834165,0.716387503,0,1,0,0,0
2024-06-05,"Binaryshire",0.8357192935,0.0203600051,0.143920694,0,0,1,0,0
2024-06-05,"Byteforge Domain",0.3869843535,0.12801853625,0.4849971235,0,0.9695,0.0305,0,0
2024-06-05,"Cerebrica",0.316392497,0.3317810995,0.2907348535,0.06109154545,0.0445,0.2985,0.657,0
2024-06-05,"Circuiton",0.09537180105,0.483820704,0.420807487,0,0.046,0,0.954,0
2024-06-05,"Cortexia",0.12581022355,0.19213783795,0.4018811985,0.280170721,0.9525,0,0.009,0.0385
2024-06-05,"Electropolis",0.399149961,0.284585136,0.316264897,0,0.079,0.8725,0.0485,0
2024-06-05,"Infinitron Peninsula",0.4195699805,0.333586488,0.246843537,0,5e-04,0.789,0.2105,0
2024-06-05,"Infoglen",0.316081556,0.348827449,0.335090993,0,0.2675,0.1725,0.56,0
2024-06-05,"Neuronia",0.05459652905,0.2456178605,0.1420427888,0.557742827,0,0,0,1
2024-06-05,"Quantumridge",0.13923878295,0.3938696825,0.4668915255,0,0.8035,0,0.1965,0
2024-06-05,"Voltagea",0.10196725325,0.5010131805,0.3970195755,0,0,0,1,0
2024-06-06,"Amperville",0.03724607651,0.24611075625,0.716643169,0,1,0,0,0
2024-06-06,"Binaryshire",0.8501907475,0.0180325659,0.1317766675,0,0,1,0,0
2024-06-06,"Byteforge Domain",0.395605894,0.12628237895,0.478111735,0,0.959,0.041,0,0
2024-06-06,"Cerebrica",0.313927433,0.3327190605,0.292285968,0.06106752395,0.1305,0.3105,0.559,0
2024-06-06,"Circuiton",0.09771511255,0.494766969,0.407517904,0,0,0,1,0
2024-06-06,"Cortexia",0.12481225535,0.192468544,0.40475158,0.277967646,0.9555,0,0.0115,0.033
2024-06-06,"Electropolis",0.3920379025,0.289055503,0.31890658,0,0.112,0.8245,0.0635,0
2024-06-06,"Infinitron Peninsula",0.419369763,0.332982878,0.2476473675,0,5e-04,0.77,0.2295,0
2024-06-06,"Infoglen",0.3188418295,0.349954095,0.331204068,0,0.226,0.165,0.609,0
2024-06-06,"Neuronia",0.0546327202,0.2464654495,0.1422025496,0.5566992645,0,0,0,1
2024-06-06,"Quantumridge",0.13979378425,0.393769987,0.466436226,0,0.784,0,0.216,0
2024-06-06,"Voltagea",0.10210187395,0.5005642155,0.397333905,0,0.023,0,0.977,0
2024-06-07,"Amperville",0.037481416655,0.2459328091,0.7165857825,0,1,0,0,0
2024-06-07,"Binaryshire",0.841162489,0.0196625722,0.1391749375,0,0,1,0,0
2024-06-07,"Byteforge Domain",0.4059212485,0.12401725525,0.4700615215,0,0.9845,0.0155,0,0
2024-06-07,"Cerebrica",0.3135472845,0.332872527,0.2924716325,0.0611085409,0.167,0.322,0.511,0
2024-06-07,"Circuiton",0.09795136135,0.493916685,0.408131945,0,0.054,0,0.946,0
2024-06-07,"Cortexia",0.12539023545,0.19234057915,0.404134856,0.278134328,0.938,0,0.0135,0.0485
2024-06-07,"Electropolis",0.391804193,0.2893224175,0.3188733845,0,0.136,0.769,0.095,0
2024-06-07,"Infinitron Peninsula",0.4189536195,0.333785182,0.2472612115,0,0.0015,0.75,0.2485,0
2024-06-07,"Infoglen",0.325221717,0.3492359675,0.325542311,0,0.129,0.142,0.729,0
2024-06-07,"Neuronia",0.0548392989,0.246065117,0.14246127185,0.556634323,0,0,0,1
2024-06-07,"Quantumridge",0.14095223845,0.392459164,0.4665886015,0,0.765,0,0.235,0
2024-06-07,"Voltagea",0.1026936492,0.499253296,0.398053073,0,0.0655,0,0.9345,0
