"date","province","cc_mean_vote_share","dgm_mean_vote_share","pdal_mean_vote_share","ssp_mean_vote_share","dgm_prob_win","pdal_prob_win","cc_prob_win","ssp_prob_win"
2024-04-03,"Amperville",0.046576498,0.359708682,0.593714804,0,0.013,0.987,0,0
2024-04-03,"Binaryshire",0.814923539,0.03439721423,0.1506792505,0,0,0,1,0
2024-04-03,"Byteforge Domain",0.354969408,0.1209648466,0.524065741,0,0,0.993,0.007,0
2024-04-03,"Cerebrica",0.1584272529,0.485174086,0.303335339,0.053063308,0.944,0.056,0,0
2024-04-03,"Circuiton",0.0822267183,0.516267352,0.401505908,0,0.878,0.122,0,0
2024-04-03,"Cortexia",0.0891195854,0.369076866,0.381521625,0.160281926,0.444,0.556,0,0
2024-04-03,"Electropolis",0.258699414,0.423760463,0.317540118,0,0.949,0.035,0.016,0
2024-04-03,"Infinitron Peninsula",0.415409226,0.311498108,0.273092683,0,0.236,0.019,0.745,0
2024-04-03,"Infoglen",0.326889343,0.390376318,0.282734337,0,0.689,0.01,0.301,0
2024-04-03,"Neuronia",0.0314276949,0.338772599,0.0981263174,0.531673378,0.009,0,0,0.991
2024-04-03,"Quantumridge",0.2068405901,0.385230298,0.407929125,0,0.394,0.602,0.004,0
2024-04-03,"Voltagea",0.0629756269,0.531008171,0.406016207,0,0.864,0.136,0,0
2024-04-04,"Amperville",0.0452809988,0.370190793,0.584528217,0,0.022,0.978,0,0
2024-04-04,"Binaryshire",0.813448666,0.03553455193,0.1510167888,0,0,0,1,0
2024-04-04,"Byteforge Domain",0.352164322,0.124749035,0.523086659,0,0,0.998,0.002,0
2024-04-04,"Cerebrica",0.1569339909,0.489509025,0.300655225,0.0529017528,0.958,0.042,0,0
2024-04-04,"Circuiton",0.0788051241,0.529830372,0.391364485,0,0.918,0.082,0,0
2024-04-04,"Cortexia",0.0887074071,0.370192367,0.380318324,0.160781905,0.444,0.556,0,0
2024-04-04,"Electropolis",0.24972336,0.439383969,0.310892665,0,0.997,0.003,0,0
2024-04-04,"Infinitron Peninsula",0.406108501,0.323573299,0.27031818,0,0.278,0.014,0.708,0
2024-04-04,"Infoglen",0.316181898,0.403984219,0.279833908,0,0.816,0.004,0.18,0
2024-04-04,"Neuronia",0.0309332081,0.339331157,0.0963580448,0.533377612,0.003,0,0,0.997
2024-04-04,"Quantumridge",0.200690524,0.396677377,0.402632114,0,0.457,0.541,0.002,0
2024-04-04,"Voltagea",0.0606967437,0.542658358,0.396644893,0,0.93,0.07,0,0
2024-04-05,"Amperville",0.0451017835,0.372514939,0.582383284,0,0.033,0.967,0,0
2024-04-05,"Binaryshire",0.811402565,0.03613006812,0.1524673749,0,0,0,1,0
2024-04-05,"Byteforge Domain",0.350394351,0.1270061966,0.522599477,0,0,0.999,0.001,0
2024-04-05,"Cerebrica",0.1553001558,0.491685482,0.299441347,0.0535730296,0.967,0.033,0,0
2024-04-05,"Circuiton",0.0777932368,0.534569753,0.387637027,0,0.924,0.076,0,0
2024-04-05,"Cortexia",0.0878930095,0.37019481,0.379135916,0.162776282,0.44,0.56,0,0
2024-04-05,"Electropolis",0.248028825,0.442778182,0.309193012,0,0.998,0.002,0,0
2024-04-05,"Infinitron Peninsula",0.400649947,0.329100381,0.270249654,0,0.296,0.013,0.691,0
2024-04-05,"Infoglen",0.31148904,0.40976746,0.278743487,0,0.842,0.002,0.156,0
2024-04-05,"Neuronia",0.030430002,0.339178502,0.0959339924,0.534457502,0.002,0,0,0.998
2024-04-05,"Quantumridge",0.1988119975,0.401495158,0.399692847,0,0.482,0.518,0,0
2024-04-05,"Voltagea",0.0604279939,0.544287375,0.395284643,0,0.919,0.081,0,0
2024-04-06,"Amperville",0.0442185084,0.375452275,0.58032922,0,0.026,0.974,0,0
2024-04-06,"Binaryshire",0.807661624,0.0371446271,0.1551937704,0,0,0,1,0
2024-04-06,"Byteforge Domain",0.343460984,0.1293975136,0.527141506,0,0,1,0,0
2024-04-06,"Cerebrica",0.1534807928,0.494034672,0.298889654,0.0535948685,0.969,0.031,0,0
2024-04-06,"Circuiton",0.0755881326,0.54071424,0.383697633,0,0.944,0.056,0,0
2024-04-06,"Cortexia",0.0871031077,0.371050407,0.37910175,0.16274476,0.444,0.556,0,0
2024-04-06,"Electropolis",0.242994575,0.448079313,0.30892611,0,1,0,0,0
2024-04-06,"Infinitron Peninsula",0.39095089,0.338417537,0.270631581,0,0.347,0.008,0.645,0
2024-04-06,"Infoglen",0.30154674,0.419421701,0.27903154,0,0.885,0.002,0.113,0
2024-04-06,"Neuronia",0.0301391916,0.338351814,0.0959672154,0.535541784,0,0,0,1
2024-04-06,"Quantumridge",0.1920880209,0.408628912,0.399283054,0,0.501,0.498,0.001,0
2024-04-06,"Voltagea",0.0585062331,0.549248922,0.392244832,0,0.943,0.057,0,0
2024-04-07,"Amperville",0.0415802293,0.38528896,0.573130802,0,0.037,0.963,0,0
2024-04-07,"Binaryshire",0.802147188,0.0387585681,0.1590942557,0,0,0,1,0
2024-04-07,"Byteforge Domain",0.333448418,0.1344613481,0.532090235,0,0,1,0,0
2024-04-07,"Cerebrica",0.1530312097,0.498609478,0.295033906,0.0533253901,0.979,0.021,0,0
2024-04-07,"Circuiton",0.0703482993,0.553949017,0.375702656,0,0.97,0.03,0,0
2024-04-07,"Cortexia",0.0869575103,0.377934389,0.371501221,0.163606906,0.533,0.467,0,0
2024-04-07,"Electropolis",0.22530997,0.470284834,0.304405167,0,1,0,0,0
2024-04-07,"Infinitron Peninsula",0.376677306,0.351602761,0.271719929,0,0.426,0.008,0.566,0
2024-04-07,"Infoglen",0.292714496,0.428103912,0.279181618,0,0.941,0,0.059,0
2024-04-07,"Neuronia",0.029702331,0.340380787,0.0950449537,0.534871952,0,0,0,1
2024-04-07,"Quantumridge",0.1833199705,0.419629369,0.397050664,0,0.573,0.425,0.002,0
2024-04-07,"Voltagea",0.0545039856,0.559230763,0.386265252,0,0.967,0.033,0,0
2024-04-08,"Amperville",0.0394649077,0.397773606,0.562761496,0,0.053,0.947,0,0
2024-04-08,"Binaryshire",0.797233767,0.0411775188,0.1615886916,0,0,0,1,0
2024-04-08,"Byteforge Domain",0.327849564,0.1432400905,0.528910363,0,0,1,0,0
2024-04-08,"Cerebrica",0.1530065666,0.504309823,0.289989793,0.0526938219,0.981,0.019,0,0
2024-04-08,"Circuiton",0.0659243987,0.569854889,0.364220716,0,0.993,0.007,0,0
2024-04-08,"Cortexia",0.086944103,0.383631162,0.365787038,0.163637682,0.59,0.41,0,0
2024-04-08,"Electropolis",0.209655915,0.4939163,0.296427798,0,1,0,0,0
2024-04-08,"Infinitron Peninsula",0.364647031,0.366686547,0.268666401,0,0.493,0.001,0.506,0
2024-04-08,"Infoglen",0.281512082,0.442610421,0.275877506,0,0.977,0.001,0.022,0
2024-04-08,"Neuronia",0.0294081406,0.343741247,0.0947992176,0.532051395,0.001,0,0,0.999
2024-04-08,"Quantumridge",0.1754948636,0.435016344,0.389488759,0,0.669,0.33,0.001,0
2024-04-08,"Voltagea",0.0514672792,0.572306187,0.376226533,0,0.983,0.017,0,0
2024-04-09,"Amperville",0.0398524099,0.394112427,0.56603517,0,0.031,0.969,0,0
2024-04-09,"Binaryshire",0.802299817,0.0392025474,0.1584976203,0,0,0,1,0
2024-04-09,"Byteforge Domain",0.336142374,0.1419243093,0.521933325,0,0,1,0,0
2024-04-09,"Cerebrica",0.1553536631,0.506409735,0.284163435,0.0540731446,0.987,0.013,0,0
2024-04-09,"Circuiton",0.0672797427,0.566286302,0.366433981,0,0.994,0.006,0,0
2024-04-09,"Cortexia",0.0875596888,0.38610168,0.359894792,0.166443833,0.648,0.352,0,0
2024-04-09,"Electropolis",0.209909604,0.493155676,0.296934708,0,1,0,0,0
2024-04-09,"Infinitron Peninsula",0.369494406,0.362264045,0.268241522,0,0.48,0.003,0.517,0
2024-04-09,"Infoglen",0.287048158,0.437015087,0.275936748,0,0.989,0,0.011,0
2024-04-09,"Neuronia",0.0290741987,0.343128439,0.0930650006,0.53473238,0.001,0,0,0.999
2024-04-09,"Quantumridge",0.179674029,0.429012156,0.391313831,0,0.655,0.345,0,0
2024-04-09,"Voltagea",0.0525411747,0.569442109,0.378016708,0,0.995,0.005,0,0
2024-04-10,"Amperville",0.0387564017,0.398944989,0.562298596,0,0.062,0.938,0,0
2024-04-10,"Binaryshire",0.797437412,0.0406264373,0.1619361579,0,0,0,1,0
2024-04-10,"Byteforge Domain",0.328896906,0.1480179266,0.523085183,0,0,1,0,0
2024-04-10,"Cerebrica",0.1548781299,0.509954378,0.280980248,0.0541872336,0.99,0.01,0,0
2024-04-10,"Circuiton",0.0655383694,0.570742831,0.363718808,0,0.998,0.002,0,0
2024-04-10,"Cortexia",0.0874613824,0.388620232,0.355855368,0.168063007,0.678,0.322,0,0
2024-04-10,"Electropolis",0.202078587,0.502124539,0.295796851,0,1,0,0,0
2024-04-10,"Infinitron Peninsula",0.357869163,0.37220446,0.269926363,0,0.551,0.003,0.446,0
2024-04-10,"Infoglen",0.275484671,0.445938694,0.278576659,0,1,0,0,0
2024-04-10,"Neuronia",0.0280569257,0.344015232,0.0927118008,0.535216042,0.002,0,0,0.998
2024-04-10,"Quantumridge",0.1723366934,0.438506915,0.389156381,0,0.719,0.28,0.001,0
2024-04-10,"Voltagea",0.0509190475,0.574711454,0.374369505,0,0.999,0.001,0,0
2024-04-11,"Amperville",0.0381826606,0.407783526,0.554033811,0,0.098,0.902,0,0
2024-04-11,"Binaryshire",0.791989067,0.0438059969,0.1642049556,0,0,0,1,0
2024-04-11,"Byteforge Domain",0.322836435,0.1581369786,0.51902655,0,0,1,0,0
2024-04-11,"Cerebrica",0.153037932,0.517881688,0.275775761,0.053304604,0.99,0.01,0,0
2024-04-11,"Circuiton",0.0640252527,0.580837087,0.355137635,0,0.996,0.004,0,0
2024-04-11,"Cortexia",0.0867386283,0.396201487,0.351275029,0.1657848512,0.731,0.269,0,0
2024-04-11,"Electropolis",0.195669232,0.514446732,0.289884046,0,1,0,0,0
2024-04-11,"Infinitron Peninsula",0.346438878,0.388713129,0.264848017,0,0.65,0,0.35,0
2024-04-11,"Infoglen",0.261263617,0.466294434,0.272441945,0,1,0,0,0
2024-04-11,"Neuronia",0.027546401,0.34969075,0.0925136002,0.530249229,0.012,0,0,0.988
2024-04-11,"Quantumridge",0.1651343047,0.453708642,0.381157069,0,0.79,0.21,0,0
2024-04-11,"Voltagea",0.0496719386,0.582994187,0.367333857,0,0.997,0.003,0,0
2024-04-12,"Amperville",0.0374855176,0.419107299,0.543407198,0,0.129,0.871,0,0
2024-04-12,"Binaryshire",0.786127964,0.0474207245,0.1664512922,0,0,0,1,0
2024-04-12,"Byteforge Domain",0.316076412,0.1698479397,0.514075636,0,0,1,0,0
2024-04-12,"Cerebrica",0.1512066828,0.524391399,0.271979956,0.0524219586,0.992,0.008,0,0
2024-04-12,"Circuiton",0.0616763568,0.593177615,0.345146039,0,1,0,0,0
2024-04-12,"Cortexia",0.0863439374,0.402192411,0.34740133,0.1640623336,0.77,0.23,0,0
2024-04-12,"Electropolis",0.187782711,0.530583579,0.28163371,0,1,0,0,0
2024-04-12,"Infinitron Peninsula",0.330481244,0.410291556,0.259227179,0,0.753,0.001,0.246,0
2024-04-12,"Infoglen",0.244408528,0.489747,0.265844473,0,1,0,0,0
2024-04-12,"Neuronia",0.0269858078,0.356442258,0.0925136153,0.524058324,0.012,0,0,0.988
2024-04-12,"Quantumridge",0.1585210183,0.468983528,0.372495455,0,0.845,0.155,0,0
2024-04-12,"Voltagea",0.0477139498,0.594659759,0.357626276,0,1,0,0,0
2024-04-13,"Amperville",0.03966025,0.401404273,0.558935461,0,0.064,0.936,0,0
2024-04-13,"Binaryshire",0.792155087,0.0448810854,0.1629638236,0,0,0,1,0
2024-04-13,"Byteforge Domain",0.32722078,0.164403419,0.508375798,0,0,0.999,0.001,0
2024-04-13,"Cerebrica",0.1538515645,0.522803228,0.269793262,0.0535519383,0.991,0.009,0,0
2024-04-13,"Circuiton",0.066561916,0.574089297,0.359348789,0,0.996,0.004,0,0
2024-04-13,"Cortexia",0.0879398466,0.39992929,0.346013674,0.166117179,0.788,0.212,0,0
2024-04-13,"Electropolis",0.199537496,0.511010143,0.289452376,0,1,0,0,0
2024-04-13,"Infinitron Peninsula",0.340917289,0.396819616,0.262263091,0,0.684,0.001,0.315,0
2024-04-13,"Infoglen",0.251755249,0.478525727,0.269719021,0,0.998,0,0.002,0
2024-04-13,"Neuronia",0.0268735626,0.354388902,0.0924321486,0.526305408,0.007,0,0,0.993
2024-04-13,"Quantumridge",0.166085422,0.45525502,0.37865956,0,0.815,0.185,0,0
2024-04-13,"Voltagea",0.0511499056,0.577956754,0.370893346,0,0.996,0.004,0,0
2024-04-14,"Amperville",0.0419995381,0.386536757,0.571463713,0,0.034,0.966,0,0
2024-04-14,"Binaryshire",0.799103432,0.0419529472,0.1589436301,0,0,0,1,0
2024-04-14,"Byteforge Domain",0.341453119,0.1560684706,0.502478405,0,0,0.996,0.004,0
2024-04-14,"Cerebrica",0.1563706879,0.520056276,0.268629357,0.0549436842,0.994,0.006,0,0
2024-04-14,"Circuiton",0.0715432484,0.558215742,0.370241006,0,0.999,0.001,0,0
2024-04-14,"Cortexia",0.0898051603,0.397431299,0.343773521,0.168990015,0.788,0.212,0,0
2024-04-14,"Electropolis",0.210133401,0.493849385,0.296017214,0,0.999,0.001,0,0
2024-04-14,"Infinitron Peninsula",0.352885748,0.382375339,0.264738914,0,0.609,0.001,0.39,0
2024-04-14,"Infoglen",0.259954872,0.465819748,0.274225384,0,0.998,0,0.002,0
2024-04-14,"Neuronia",0.0268891623,0.351258758,0.0924715778,0.529380507,0.004,0,0,0.996
2024-04-14,"Quantumridge",0.1748296753,0.440764931,0.38440537,0,0.767,0.233,0,0
2024-04-14,"Voltagea",0.054646883,0.563232457,0.382120647,0,0.995,0.005,0,0
2024-04-15,"Amperville",0.041461745,0.393396546,0.565141732,0,0.048,0.952,0,0
2024-04-15,"Binaryshire",0.795581674,0.0441096077,0.1603087169,0,0,0,1,0
2024-04-15,"Byteforge Domain",0.338147555,0.1643268108,0.497525631,0,0,0.996,0.004,0
2024-04-15,"Cerebrica",0.1558532101,0.525064887,0.264035745,0.0550461668,0.996,0.004,0,0
2024-04-15,"Circuiton",0.0696789383,0.567263638,0.363057438,0,0.999,0.001,0,0
2024-04-15,"Cortexia",0.0898250336,0.402632927,0.337751199,0.169790846,0.861,0.139,0,0
2024-04-15,"Electropolis",0.203236009,0.507280307,0.289483691,0,0.999,0.001,0,0
2024-04-15,"Infinitron Peninsula",0.34171956,0.396209748,0.26207072,0,0.702,0,0.298,0
2024-04-15,"Infoglen",0.247359725,0.483469327,0.269170965,0,1,0,0,0
2024-04-15,"Neuronia",0.0263622804,0.356227081,0.0916900729,0.525720529,0.008,0,0,0.992
2024-04-15,"Quantumridge",0.1678082852,0.454030319,0.378161408,0,0.83,0.17,0,0
2024-04-15,"Voltagea",0.0533980546,0.571075282,0.375526675,0,0.998,0.002,0,0
2024-04-16,"Amperville",0.0405950089,0.39976244,0.55964256,0,0.07,0.93,0,0
2024-04-16,"Binaryshire",0.791585605,0.0465896788,0.16182473,0,0,0,1,0
2024-04-16,"Byteforge Domain",0.332514764,0.1737067253,0.493778499,0,0,0.994,0.006,0
2024-04-16,"Cerebrica",0.1549241547,0.531040298,0.258830417,0.0552051085,0.998,0.002,0,0
2024-04-16,"Circuiton",0.0681211836,0.575205648,0.356673164,0,1,0,0,0
2024-04-16,"Cortexia",0.0898142628,0.408058915,0.331514609,0.170612217,0.899,0.101,0,0
2024-04-16,"Electropolis",0.197817562,0.517728139,0.284454325,0,1,0,0,0
2024-04-16,"Infinitron Peninsula",0.330493461,0.411611902,0.257894623,0,0.819,0,0.181,0
2024-04-16,"Infoglen",0.234135445,0.502131727,0.263732834,0,1,0,0,0
2024-04-16,"Neuronia",0.0257303841,0.358914265,0.0907492458,0.524606095,0.008,0,0,0.992
2024-04-16,"Quantumridge",0.1613788379,0.467032587,0.371588603,0,0.9,0.1,0,0
2024-04-16,"Voltagea",0.0522084589,0.579325044,0.368466505,0,1,0,0,0
2024-04-17,"Amperville",0.0438941496,0.383398842,0.572706994,0,0.035,0.965,0,0
2024-04-17,"Binaryshire",0.802696419,0.0422925991,0.1550109855,0,0,0,1,0
2024-04-17,"Byteforge Domain",0.351441358,0.1638391337,0.484719506,0,0,0.981,0.019,0
2024-04-17,"Cerebrica",0.1596461718,0.52536282,0.258512751,0.0564782602,1,0,0,0
2024-04-17,"Circuiton",0.0736936019,0.560246959,0.366059449,0,1,0,0,0
2024-04-17,"Cortexia",0.0924195935,0.403048674,0.329012403,0.175519346,0.911,0.089,0,0
2024-04-17,"Electropolis",0.213930316,0.496899399,0.2891703,0,0.999,0.001,0,0
2024-04-17,"Infinitron Peninsula",0.349999632,0.391253964,0.258746401,0,0.683,0,0.317,0
2024-04-17,"Infoglen",0.250884847,0.482262792,0.266852364,0,1,0,0,0
2024-04-17,"Neuronia",0.025979919,0.355227332,0.0901584494,0.528634282,0.004,0,0,0.996
2024-04-17,"Quantumridge",0.174935857,0.445995632,0.379068514,0,0.845,0.155,0,0
2024-04-17,"Voltagea",0.0568289758,0.562071789,0.381099229,0,1,0,0,0
2024-04-18,"Amperville",0.0455754067,0.383867635,0.570556952,0,0.027,0.973,0,0
2024-04-18,"Binaryshire",0.80841783,0.0416696243,0.149912557,0,0,0,1,0
2024-04-18,"Byteforge Domain",0.359582295,0.166586502,0.473831168,0,0,0.99,0.01,0
2024-04-18,"Cerebrica",0.1640986073,0.524481612,0.254689926,0.0567298376,1,0,0,0
2024-04-18,"Circuiton",0.0736749224,0.567792619,0.358532456,0,1,0,0,0
2024-04-18,"Cortexia",0.0952048912,0.401787068,0.32577183,0.177236213,0.92,0.08,0,0
2024-04-18,"Electropolis",0.216545887,0.49904972,0.284404383,0,1,0,0,0
2024-04-18,"Infinitron Peninsula",0.35316509,0.394026406,0.252808497,0,0.719,0,0.281,0
2024-04-18,"Infoglen",0.250621016,0.486903917,0.26247508,0,1,0,0,0
2024-04-18,"Neuronia",0.0259549467,0.356466714,0.0895423994,0.528035939,0.001,0,0,0.999
2024-04-18,"Quantumridge",0.177222886,0.448755321,0.374021793,0,0.904,0.096,0,0
2024-04-18,"Voltagea",0.0587691599,0.568363558,0.372867308,0,1,0,0,0
2024-04-19,"Amperville",0.0434695711,0.388458264,0.568072155,0,0.034,0.966,0,0
2024-04-19,"Binaryshire",0.806474479,0.0417546277,0.151770915,0,0,0,1,0
2024-04-19,"Byteforge Domain",0.352373425,0.169769428,0.477857131,0,0,0.995,0.005,0
2024-04-19,"Cerebrica",0.164795,0.524015094,0.2555016,0.0556882892,1,0,0,0
2024-04-19,"Circuiton",0.0703061779,0.573660154,0.356033662,0,1,0,0,0
2024-04-19,"Cortexia",0.0952125161,0.406107721,0.324952431,0.173727331,0.943,0.057,0,0
2024-04-19,"Electropolis",0.209159809,0.504452192,0.286388006,0,0.999,0.001,0,0
2024-04-19,"Infinitron Peninsula",0.350408759,0.393358391,0.256232836,0,0.727,0,0.273,0
2024-04-19,"Infoglen",0.25055836,0.479074533,0.270367144,0,1,0,0,0
2024-04-19,"Neuronia",0.0257908639,0.364628033,0.0913122393,0.518268874,0.002,0,0,0.998
2024-04-19,"Quantumridge",0.174039861,0.448086059,0.377874083,0,0.923,0.077,0,0
2024-04-19,"Voltagea",0.0567918724,0.574011806,0.369196335,0,1,0,0,0
2024-04-20,"Amperville",0.0421636466,0.390696781,0.567139562,0,0.034,0.966,0,0
2024-04-20,"Binaryshire",0.80691462,0.0410853884,0.151999979,0,0,0,1,0
2024-04-20,"Byteforge Domain",0.350293454,0.171449502,0.478257042,0,0,1,0,0
2024-04-20,"Cerebrica",0.165805062,0.525049998,0.255137241,0.0540076941,1,0,0,0
2024-04-20,"Circuiton",0.0670525758,0.580675113,0.352272311,0,1,0,0,0
2024-04-20,"Cortexia",0.096016928,0.41015288,0.324725781,0.169104414,0.955,0.045,0,0
2024-04-20,"Electropolis",0.20371018,0.510147099,0.286142726,0,1,0,0,0
2024-04-20,"Infinitron Peninsula",0.348563197,0.392207628,0.259229168,0,0.751,0,0.249,0
2024-04-20,"Infoglen",0.251673341,0.472876834,0.275449841,0,1,0,0,0
2024-04-20,"Neuronia",0.0259788161,0.372746116,0.0930647053,0.508210378,0,0,0,1
2024-04-20,"Quantumridge",0.173002915,0.446380618,0.380616474,0,0.951,0.049,0,0
2024-04-20,"Voltagea",0.0554209604,0.580884801,0.363694242,0,1,0,0,0
2024-04-21,"Amperville",0.0419822071,0.396943172,0.56107462,0,0.045,0.955,0,0
2024-04-21,"Binaryshire",0.802805058,0.0437768816,0.15341804,0,0,0,1,0
2024-04-21,"Byteforge Domain",0.353638089,0.177127799,0.469234093,0,0,1,0,0
2024-04-21,"Cerebrica",0.168731762,0.523870288,0.250854988,0.0565429706,1,0,0,0
2024-04-21,"Circuiton",0.0642201985,0.596084318,0.339695467,0,1,0,0,0
2024-04-21,"Cortexia",0.0970777427,0.40820091,0.31683126,0.177890092,0.976,0.024,0,0
2024-04-21,"Electropolis",0.195393117,0.527473371,0.277133499,0,1,0,0,0
2024-04-21,"Infinitron Peninsula",0.337548959,0.408586272,0.253864765,0,0.898,0,0.102,0
2024-04-21,"Infoglen",0.239891704,0.491254689,0.268853623,0,1,0,0,0
2024-04-21,"Neuronia",0.0259823849,0.344186316,0.092676648,0.537154649,0,0,0,1
2024-04-21,"Quantumridge",0.165902664,0.459815922,0.374281393,0,0.962,0.038,0,0
2024-04-21,"Voltagea",0.0548322445,0.592450229,0.352717539,0,1,0,0,0
2024-04-22,"Amperville",0.0427786492,0.38982401,0.567397328,0,0.031,0.969,0,0
2024-04-22,"Binaryshire",0.799610386,0.0448488758,0.155540755,0,0,0,1,0
2024-04-22,"Byteforge Domain",0.356375806,0.17847387,0.465150344,0,0,0.996,0.004,0
2024-04-22,"Cerebrica",0.172908389,0.51946036,0.248445216,0.0591860288,1,0,0,0
2024-04-22,"Circuiton",0.0629271192,0.600083396,0.336989465,0,1,0,0,0
2024-04-22,"Cortexia",0.0992859152,0.402314576,0.311918364,0.186481149,0.983,0.017,0,0
2024-04-22,"Electropolis",0.194190709,0.528231895,0.277577404,0,1,0,0,0
2024-04-22,"Infinitron Peninsula",0.330884183,0.41511282,0.254003014,0,0.999,0,0.001,0
2024-04-22,"Infoglen",0.234398812,0.497103427,0.268497755,0,1,0,0,0
2024-04-22,"Neuronia",0.0260424734,0.31788559,0.0929688299,0.563103095,0,0,0,1
2024-04-22,"Quantumridge",0.162917415,0.45969622,0.377386377,0,0.955,0.045,0,0
2024-04-22,"Voltagea",0.0565739902,0.59105971,0.352366299,0,1,0,0,0
2024-04-23,"Amperville",0.0441913296,0.376217534,0.579591144,0,0.02,0.98,0,0
2024-04-23,"Binaryshire",0.800581691,0.0435409234,0.155877375,0,0,0,1,0
2024-04-23,"Byteforge Domain",0.368281871,0.170887925,0.46083021,0,0,1,0,0
2024-04-23,"Cerebrica",0.179318301,0.511131556,0.247213526,0.0623366006,1,0,0,0
2024-04-23,"Circuiton",0.0634333687,0.596705817,0.339860835,0,1,0,0,0
2024-04-23,"Cortexia",0.1007459801,0.39739908,0.305222414,0.196632539,0.994,0.006,0,0
2024-04-23,"Electropolis",0.195314633,0.523937113,0.280748241,0,1,0,0,0
2024-04-23,"Infinitron Peninsula",0.332624442,0.409722779,0.257652801,0,0.924,0,0.076,0
2024-04-23,"Infoglen",0.2355548,0.492339359,0.272105849,0,1,0,0,0
2024-04-23,"Neuronia",0.026329331,0.289589878,0.0934429305,0.590637874,0,0,0,1
2024-04-23,"Quantumridge",0.164746962,0.448715926,0.386537112,0,0.885,0.115,0,0
2024-04-23,"Voltagea",0.0594567252,0.580747406,0.359795891,0,1,0,0,0
2024-04-24,"Amperville",0.0436014868,0.358007207,0.59839131,0,0.01,0.99,0,0
2024-04-24,"Binaryshire",0.791190132,0.043956799,0.164853068,0,0,0,1,0
2024-04-24,"Byteforge Domain",0.350478528,0.172668711,0.476852765,0,0,1,0,0
2024-04-24,"Cerebrica",0.179942432,0.505614427,0.249872911,0.0645702252,1,0,0,0
2024-04-24,"Circuiton",0.0620257969,0.586661628,0.351312572,0,1,0,0,0
2024-04-24,"Cortexia",0.1015420115,0.391072973,0.30437808,0.203006931,1,0,0,0
2024-04-24,"Electropolis",0.196243524,0.509954795,0.293801693,0,1,0,0,0
2024-04-24,"Infinitron Peninsula",0.321617208,0.410275233,0.26810754,0,0.923,0,0.077,0
2024-04-24,"Infoglen",0.230357541,0.48684308,0.282799355,0,1,0,0,0
2024-04-24,"Neuronia",0.026263527,0.266419104,0.0949206847,0.612396669,0,0,0,1
2024-04-24,"Quantumridge",0.158592917,0.44004361,0.401363467,0,0.766,0.234,0,0
2024-04-24,"Voltagea",0.0602601145,0.567868426,0.371871455,0,0.999,0.001,0,0
2024-04-25,"Amperville",0.039102542,0.37594669,0.584950775,0,0.014,0.986,0,0
2024-04-25,"Binaryshire",0.774121994,0.0500002102,0.175877793,0,0,0,1,0
2024-04-25,"Byteforge Domain",0.307250223,0.202547314,0.490202442,0,0,1,0,0
2024-04-25,"Cerebrica",0.17097714,0.519740553,0.246830553,0.0624517349,1,0,0,0
2024-04-25,"Circuiton",0.0549524089,0.606156842,0.338890771,0,1,0,0,0
2024-04-25,"Cortexia",0.0981067586,0.404637085,0.298274893,0.198981285,0.998,0.002,0,0
2024-04-25,"Electropolis",0.180191969,0.529343226,0.29046481,0,1,0,0,0
2024-04-25,"Infinitron Peninsula",0.28285692,0.451702703,0.265440354,0,0.998,0,0.002,0
2024-04-25,"Infoglen",0.204569622,0.517027817,0.278402569,0,1,0,0,0
2024-04-25,"Neuronia",0.0246634349,0.287293271,0.0924940737,0.595549203,0,0,0,1
2024-04-25,"Quantumridge",0.1353946109,0.471686147,0.392919247,0,0.967,0.033,0,0
2024-04-25,"Voltagea",0.0535608473,0.591655168,0.35478402,0,1,0,0,0
2024-04-26,"Amperville",0.042443971,0.34294066,0.614615375,0,0,1,0,0
2024-04-26,"Binaryshire",0.787082828,0.0417592002,0.17115797,0,0,0,1,0
2024-04-26,"Byteforge Domain",0.333628822,0.171960285,0.494410896,0,0,1,0,0
2024-04-26,"Cerebrica",0.1747249,0.513302881,0.244526929,0.0674452852,1,0,0,0
2024-04-26,"Circuiton",0.0594428909,0.580126202,0.360430914,0,1,0,0,0
2024-04-26,"Cortexia",0.0987295356,0.397615652,0.286849198,0.216805616,1,0,0,0
2024-04-26,"Electropolis",0.195525739,0.497383022,0.307091223,0,1,0,0,0
2024-04-26,"Infinitron Peninsula",0.301494777,0.418821375,0.279683853,0,0.977,0,0.023,0
2024-04-26,"Infoglen",0.224829623,0.480736634,0.294433745,0,1,0,0,0
2024-04-26,"Neuronia",0.0236544732,0.279032983,0.0859270526,0.611385506,0,0,0,1
2024-04-26,"Quantumridge",0.146920853,0.434447617,0.418631531,0,0.696,0.304,0,0
2024-04-26,"Voltagea",0.0598767877,0.561918656,0.378204528,0,0.997,0.003,0,0
2024-04-27,"Amperville",0.0420459238,0.341740062,0.616214029,0,0,1,0,0
2024-04-27,"Binaryshire",0.794073449,0.0384580983,0.167468479,0,0,0,1,0
2024-04-27,"Byteforge Domain",0.338429511,0.164814716,0.496755759,0,0,1,0,0
2024-04-27,"Cerebrica",0.174188096,0.517474509,0.245776161,0.0625612444,1,0,0,0
2024-04-27,"Circuiton",0.0576978975,0.584137696,0.358164409,0,1,0,0,0
2024-04-27,"Cortexia",0.1002579265,0.408352702,0.287896713,0.20349267,0.999,0.001,0,0
2024-04-27,"Electropolis",0.194130551,0.49785856,0.308010882,0,1,0,0,0
2024-04-27,"Infinitron Peninsula",0.305758291,0.412969939,0.281271763,0,0.948,0,0.052,0
2024-04-27,"Infoglen",0.229315709,0.473787933,0.296896369,0,1,0,0,0
2024-04-27,"Neuronia",0.0243722363,0.305503144,0.087598765,0.582525844,0,0,0,1
2024-04-27,"Quantumridge",0.14972219,0.429250878,0.421026954,0,0.567,0.433,0,0
2024-04-27,"Voltagea",0.0594456496,0.564367071,0.376187285,0,0.993,0.007,0,0
2024-04-28,"Amperville",0.044826758,0.323014321,0.632158926,0,0,1,0,0
2024-04-28,"Binaryshire",0.803324841,0.0337949307,0.162880237,0,0,0,1,0
2024-04-28,"Byteforge Domain",0.357869895,0.145693712,0.496436386,0,0,1,0,0
2024-04-28,"Cerebrica",0.180686113,0.512161251,0.24593003,0.0612226166,1,0,0,0
2024-04-28,"Circuiton",0.059540414,0.574672762,0.365786835,0,0.999,0.001,0,0
2024-04-28,"Cortexia",0.105542953,0.406654065,0.287761607,0.200041355,1,0,0,0
2024-04-28,"Electropolis",0.201381934,0.481707421,0.31691065,0,0.998,0.002,0,0
2024-04-28,"Infinitron Peninsula",0.322014299,0.3901807,0.287804994,0,0.885,0.001,0.114,0
2024-04-28,"Infoglen",0.240678369,0.454266263,0.305055384,0,1,0,0,0
2024-04-28,"Neuronia",0.0269815528,0.301328642,0.0908667299,0.580823088,0,0,0,1
2024-04-28,"Quantumridge",0.162290614,0.40417451,0.433534898,0,0.236,0.764,0,0
2024-04-28,"Voltagea",0.0645467183,0.548201956,0.387251337,0,0.988,0.012,0,0
2024-04-29,"Amperville",0.0485753125,0.322359869,0.629064831,0,0,1,0,0
2024-04-29,"Binaryshire",0.819616455,0.0303253478,0.150058189,0,0,0,1,0
2024-04-29,"Byteforge Domain",0.377647618,0.141644772,0.480707643,0,0,0.992,0.008,0
2024-04-29,"Cerebrica",0.184496934,0.514211025,0.244993924,0.0562981007,1,0,0,0
2024-04-29,"Circuiton",0.0625961689,0.578989533,0.358414314,0,0.999,0.001,0,0
2024-04-29,"Cortexia",0.1101721964,0.41598356,0.287031525,0.186812751,1,0,0,0
2024-04-29,"Electropolis",0.215144707,0.474503124,0.31035217,0,0.999,0.001,0,0
2024-04-29,"Infinitron Peninsula",0.345435729,0.378177181,0.27638709,0,0.768,0,0.232,0
2024-04-29,"Infoglen",0.260231685,0.447926379,0.291841918,0,1,0,0,0
2024-04-29,"Neuronia",0.0285885882,0.323184167,0.0950111161,0.553216114,0,0,0,1
2024-04-29,"Quantumridge",0.174511049,0.401290842,0.42419811,0,0.275,0.725,0,0
2024-04-29,"Voltagea",0.0689778248,0.553985445,0.377036714,0,0.997,0.003,0,0
2024-04-30,"Amperville",0.0520349235,0.308989819,0.638975255,0,0,1,0,0
2024-04-30,"Binaryshire",0.822731059,0.0293153112,0.147953643,0,0,0,1,0
2024-04-30,"Byteforge Domain",0.386118414,0.135645832,0.478235726,0,0,0.99,0.01,0
2024-04-30,"Cerebrica",0.188133894,0.506060361,0.246094763,0.0597109765,1,0,0,0
2024-04-30,"Circuiton",0.0648381186,0.57494278,0.360219104,0,1,0,0,0
2024-04-30,"Cortexia",0.1126056595,0.404452937,0.283008147,0.199933254,1,0,0,0
2024-04-30,"Electropolis",0.225991675,0.46030156,0.313706762,0,0.994,0.006,0,0
2024-04-30,"Infinitron Peninsula",0.345831554,0.378882684,0.275285775,0,0.93,0,0.07,0
2024-04-30,"Infoglen",0.261227459,0.451753884,0.28701866,0,1,0,0,0
2024-04-30,"Neuronia",0.028158941,0.314220785,0.0924509933,0.565169298,0,0,0,1
2024-04-30,"Quantumridge",0.177388019,0.39872767,0.423884327,0,0.242,0.758,0,0
2024-04-30,"Voltagea",0.0741744116,0.545327868,0.380497719,0,0.997,0.003,0,0
2024-05-01,"Amperville",0.0545969712,0.317567951,0.627835078,0,0,1,0,0
2024-05-01,"Binaryshire",0.820093621,0.0314182482,0.148488109,0,0,0,1,0
2024-05-01,"Byteforge Domain",0.387851673,0.1428936161,0.469254711,0,0,0.985,0.015,0
2024-05-01,"Cerebrica",0.187603468,0.50861452,0.243877626,0.059904397,1,0,0,0
2024-05-01,"Circuiton",0.0646209862,0.593177041,0.342201958,0,1,0,0,0
2024-05-01,"Cortexia",0.1157198829,0.400380776,0.279179595,0.20471975,1,0,0,0
2024-05-01,"Electropolis",0.228634543,0.472619898,0.29874554,0,1,0,0,0
2024-05-01,"Infinitron Peninsula",0.34444103,0.401413617,0.254145356,0,0.9,0,0.1,0
2024-05-01,"Infoglen",0.247717892,0.48483558,0.267446545,0,1,0,0,0
2024-05-01,"Neuronia",0.0282233215,0.317294223,0.0905466865,0.563935776,0,0,0,1
2024-05-01,"Quantumridge",0.174795537,0.420537892,0.404666589,0,0.779,0.221,0,0
2024-05-01,"Voltagea",0.0763716789,0.560690797,0.362937528,0,1,0,0,0
2024-05-02,"Amperville",0.0556044608,0.322216997,0.622178538,0,0,1,0,0
2024-05-02,"Binaryshire",0.825299053,0.0310621546,0.143638782,0,0,0,1,0
2024-05-02,"Byteforge Domain",0.386557066,0.145265161,0.468177769,0,0,0.986,0.014,0
2024-05-02,"Cerebrica",0.182436163,0.517586115,0.243065071,0.0569126516,1,0,0,0
2024-05-02,"Circuiton",0.0663635311,0.597451769,0.336184698,0,1,0,0,0
2024-05-02,"Cortexia",0.1106925401,0.419426265,0.275631539,0.194249686,1,0,0,0
2024-05-02,"Electropolis",0.236029387,0.470519739,0.29345087,0,1,0,0,0
2024-05-02,"Infinitron Peninsula",0.356493209,0.4030353,0.240471469,0,0.797,0,0.203,0
2024-05-02,"Infoglen",0.257525027,0.480231054,0.262243896,0,1,0,0,0
2024-05-02,"Neuronia",0.0284320041,0.336417722,0.0924516276,0.542698643,0,0,0,1
2024-05-02,"Quantumridge",0.1777095,0.425617102,0.396673379,0,0.807,0.193,0,0
2024-05-02,"Voltagea",0.0775484164,0.569669593,0.352781967,0,1,0,0,0
2024-05-03,"Amperville",0.0531626058,0.330494364,0.616343038,0,0,1,0,0
2024-05-03,"Binaryshire",0.820850448,0.0326150119,0.1465345428,0,0,0,1,0
2024-05-03,"Byteforge Domain",0.36842703,0.154003678,0.477569286,0,0,1,0,0
2024-05-03,"Cerebrica",0.168279019,0.53512488,0.244724469,0.0518716248,1,0,0,0
2024-05-03,"Circuiton",0.0643811713,0.604418707,0.331200134,0,1,0,0,0
2024-05-03,"Cortexia",0.0989136499,0.448296087,0.278799044,0.173991239,1,0,0,0
2024-05-03,"Electropolis",0.235059763,0.470982593,0.293957639,0,1,0,0,0
2024-05-03,"Infinitron Peninsula",0.347793706,0.41917132,0.233034949,0,0.902,0,0.098,0
2024-05-03,"Infoglen",0.255586406,0.4831859,0.261227706,0,1,0,0,0
2024-05-03,"Neuronia",0.0275999872,0.369582108,0.0954932689,0.507324646,0.009,0,0,0.991
2024-05-03,"Quantumridge",0.167738141,0.441613937,0.390647922,0,0.911,0.089,0,0
2024-05-03,"Voltagea",0.0736011586,0.58486063,0.34153821,0,1,0,0,0
2024-05-04,"Amperville",0.0564784154,0.333972206,0.609549389,0,0,1,0,0
2024-05-04,"Binaryshire",0.834259449,0.0302580858,0.135482476,0,0,0,1,0
2024-05-04,"Byteforge Domain",0.389856959,0.15090651,0.459236514,0,0,0.977,0.023,0
2024-05-04,"Cerebrica",0.187922851,0.510387697,0.248910554,0.0527789047,1,0,0,0
2024-05-04,"Circuiton",0.0646420867,0.617532644,0.317825277,0,1,0,0,0
2024-05-04,"Cortexia",0.1047487775,0.436861005,0.281689584,0.176700615,1,0,0,0
2024-05-04,"Electropolis",0.2335773,0.481952612,0.284470095,0,1,0,0,0
2024-05-04,"Infinitron Peninsula",0.371850848,0.41044115,0.217708003,0,0.802,0,0.198,0
2024-05-04,"Infoglen",0.264382943,0.483766153,0.251850909,0,1,0,0,0
2024-05-04,"Neuronia",0.029274815,0.369779922,0.0968185226,0.504126728,0.014,0,0,0.986
2024-05-04,"Quantumridge",0.181227048,0.433746363,0.38502658,0,0.943,0.057,0,0
2024-05-04,"Voltagea",0.0779434323,0.590093609,0.331962968,0,1,0,0,0
2024-05-05,"Amperville",0.056417427,0.332153038,0.611429551,0,0,1,0,0
2024-05-05,"Binaryshire",0.826180959,0.0327641395,0.141054903,0,0,0,1,0
2024-05-05,"Byteforge Domain",0.375878823,0.158229331,0.465891831,0,0,0.985,0.015,0
2024-05-05,"Cerebrica",0.198093966,0.493654973,0.254353179,0.0538979032,1,0,0,0
2024-05-05,"Circuiton",0.0621366752,0.623314476,0.314548837,0,1,0,0,0
2024-05-05,"Cortexia",0.1069193053,0.428103794,0.287637132,0.177339786,1,0,0,0
2024-05-05,"Electropolis",0.230121042,0.484873498,0.285005462,0,1,0,0,0
2024-05-05,"Infinitron Peninsula",0.357797432,0.430065042,0.212137534,0,0.946,0,0.054,0
2024-05-05,"Infoglen",0.241825847,0.505517105,0.252657073,0,1,0,0,0
2024-05-05,"Neuronia",0.0300216395,0.371843362,0.0971720425,0.500962956,0.014,0,0,0.986
2024-05-05,"Quantumridge",0.176072517,0.437769179,0.386158317,0,0.988,0.012,0,0
2024-05-05,"Voltagea",0.0784067095,0.592279748,0.329313555,0,1,0,0,0
2024-05-06,"Amperville",0.0612002302,0.305945411,0.632854341,0,0,1,0,0
2024-05-06,"Binaryshire",0.832967117,0.0295285163,0.1375043625,0,0,0,1,0
2024-05-06,"Byteforge Domain",0.391148141,0.1419322037,0.466919689,0,0,0.952,0.048,0
2024-05-06,"Cerebrica",0.204209194,0.478533155,0.260444071,0.0568135825,1,0,0,0
2024-05-06,"Circuiton",0.0687137568,0.597334703,0.333951556,0,1,0,0,0
2024-05-06,"Cortexia",0.108554702,0.41254393,0.294245957,0.184655409,1,0,0,0
2024-05-06,"Electropolis",0.25164966,0.451283045,0.297067306,0,1,0,0,0
2024-05-06,"Infinitron Peninsula",0.387182998,0.399271922,0.213545107,0,0.692,0,0.308,0
2024-05-06,"Infoglen",0.265991693,0.469722875,0.264285453,0,1,0,0,0
2024-05-06,"Neuronia",0.0310547947,0.366668606,0.0974754809,0.504801132,0.022,0,0,0.978
2024-05-06,"Quantumridge",0.196908866,0.393505621,0.409585492,0,0.316,0.684,0,0
2024-05-06,"Voltagea",0.0877605511,0.56587219,0.346367255,0,1,0,0,0
2024-05-07,"Amperville",0.0569323229,0.298130612,0.64493706,0,0,1,0,0
2024-05-07,"Binaryshire",0.818931336,0.0314747509,0.1495939,0,0,0,1,0
2024-05-07,"Byteforge Domain",0.367069699,0.145031402,0.48789888,0,0,0.994,0.006,0
2024-05-07,"Cerebrica",0.200510564,0.47377396,0.269036355,0.0566791347,1,0,0,0
2024-05-07,"Circuiton",0.064572473,0.593049215,0.342378313,0,1,0,0,0
2024-05-07,"Cortexia",0.1073179811,0.407929493,0.30254362,0.182208901,0.997,0.003,0,0
2024-05-07,"Electropolis",0.240095775,0.449608273,0.310295944,0,1,0,0,0
2024-05-07,"Infinitron Peninsula",0.371412798,0.401500849,0.227086366,0,0.719,0,0.281,0
2024-05-07,"Infoglen",0.248728616,0.476136958,0.275134438,0,1,0,0,0
2024-05-07,"Neuronia",0.0312379431,0.370567802,0.0997630207,0.498431216,0.021,0,0,0.979
2024-05-07,"Quantumridge",0.186675781,0.383750654,0.429573558,0,0.147,0.853,0,0
2024-05-07,"Voltagea",0.0851646592,0.558507174,0.356328148,0,1,0,0,0
2024-05-08,"Amperville",0.0532645588,0.289657493,0.657077951,0,0,1,0,0
2024-05-08,"Binaryshire",0.804205875,0.0331423874,0.162651754,0,0,0,1,0
2024-05-08,"Byteforge Domain",0.344939151,0.1461858577,0.508874991,0,0,1,0,0
2024-05-08,"Cerebrica",0.197659807,0.468792984,0.276151647,0.05739558,1,0,0,0
2024-05-08,"Circuiton",0.0595907664,0.591382206,0.349027011,0,1,0,0,0
2024-05-08,"Cortexia",0.1055848438,0.402109961,0.310143325,0.182161878,0.999,0.001,0,0
2024-05-08,"Electropolis",0.226733593,0.450316078,0.322950314,0,1,0,0,0
2024-05-08,"Infinitron Peninsula",0.353871792,0.403661181,0.242467048,0,0.841,0,0.159,0
2024-05-08,"Infoglen",0.230902017,0.483137162,0.285960832,0,1,0,0,0
2024-05-08,"Neuronia",0.0312142845,0.37318778,0.1020826638,0.493515269,0.027,0,0,0.973
2024-05-08,"Quantumridge",0.177359316,0.370516882,0.452123797,0,0.012,0.988,0,0
2024-05-08,"Voltagea",0.0818031271,0.552227944,0.365968924,0,1,0,0,0
2024-05-09,"Amperville",0.0545246798,0.268113777,0.677361551,0,0,1,0,0
2024-05-09,"Binaryshire",0.805317966,0.0302619693,0.164420074,0,0,0,1,0
2024-05-09,"Byteforge Domain",0.351389244,0.1315324534,0.517078334,0,0,1,0,0
2024-05-09,"Cerebrica",0.206844669,0.452874523,0.278359663,0.0619211537,1,0,0,0
2024-05-09,"Circuiton",0.0610273703,0.576375529,0.362597096,0,1,0,0,0
2024-05-09,"Cortexia",0.1075820991,0.385776526,0.314588127,0.192053283,0.998,0.002,0,0
2024-05-09,"Electropolis",0.231991152,0.431679456,0.336329392,0,1,0,0,0
2024-05-09,"Infinitron Peninsula",0.365386674,0.376833372,0.257779947,0,0.565,0,0.435,0
2024-05-09,"Infoglen",0.238882911,0.459615714,0.301501378,0,1,0,0,0
2024-05-09,"Neuronia",0.0322289951,0.360447943,0.1028839512,0.504439113,0.002,0,0,0.998
2024-05-09,"Quantumridge",0.186895211,0.334596979,0.478507828,0,0,1,0,0
2024-05-09,"Voltagea",0.0895190467,0.515584817,0.394896147,0,1,0,0,0
2024-05-10,"Amperville",0.0515515668,0.277391096,0.671057332,0,0,1,0,0
2024-05-10,"Binaryshire",0.803742382,0.0310442006,0.165213417,0,0,0,1,0
2024-05-10,"Byteforge Domain",0.345678463,0.1340884161,0.520233135,0,0,0.999,0.001,0
2024-05-10,"Cerebrica",0.215258429,0.439724023,0.279908848,0.0651086931,1,0,0,0
2024-05-10,"Circuiton",0.0546660528,0.601020372,0.344313589,0,1,0,0,0
2024-05-10,"Cortexia",0.1089762686,0.370413513,0.320131392,0.200478834,0.995,0.005,0,0
2024-05-10,"Electropolis",0.218968515,0.450408905,0.33062258,0,0.999,0.001,0,0
2024-05-10,"Infinitron Peninsula",0.359303305,0.37878543,0.26191126,0,0.6,0,0.4,0
2024-05-10,"Infoglen",0.233410314,0.469207115,0.297382554,0,1,0,0,0
2024-05-10,"Neuronia",0.0327667617,0.356836602,0.1029608826,0.507435754,0.004,0,0,0.996
2024-05-10,"Quantumridge",0.183517428,0.330500502,0.48598204,0,0,1,0,0
2024-05-10,"Voltagea",0.0836343844,0.527226541,0.389139074,0,0.999,0.001,0,0
2024-05-11,"Amperville",0.0460544178,0.308538075,0.645407498,0,0,1,0,0
2024-05-11,"Binaryshire",0.798943308,0.0341315311,0.166925143,0,0,0,1,0
2024-05-11,"Byteforge Domain",0.329407903,0.1492756873,0.521316401,0,0,1,0,0
2024-05-11,"Cerebrica",0.215098301,0.441914288,0.28110702,0.0618804236,1,0,0,0
2024-05-11,"Circuiton",0.0459131093,0.642883242,0.311203628,0,1,0,0,0
2024-05-11,"Cortexia",0.1066642987,0.38831737,0.31612423,0.188894099,0.989,0.011,0,0
2024-05-11,"Electropolis",0.195876152,0.493051403,0.311072425,0,1,0,0,0
2024-05-11,"Infinitron Peninsula",0.342310828,0.399766958,0.257922224,0,0.817,0,0.183,0
2024-05-11,"Infoglen",0.21919516,0.495950648,0.284854181,0,1,0,0,0
2024-05-11,"Neuronia",0.0330031194,0.377290644,0.1065365719,0.48316965,0.017,0,0,0.983
2024-05-11,"Quantumridge",0.171794393,0.348003457,0.480202145,0,0,1,0,0
2024-05-11,"Voltagea",0.0701645758,0.568495958,0.361339483,0,1,0,0,0
2024-05-12,"Amperville",0.0446403516,0.344875215,0.610484436,0,0,1,0,0
2024-05-12,"Binaryshire",0.796864061,0.039301841,0.163834092,0,0,0,1,0
2024-05-12,"Byteforge Domain",0.316723169,0.173076492,0.510200333,0,0,0.999,0.001,0
2024-05-12,"Cerebrica",0.216235499,0.447123334,0.27767962,0.0589615444,1,0,0,0
2024-05-12,"Circuiton",0.040355903,0.688601451,0.271042637,0,1,0,0,0
2024-05-12,"Cortexia",0.1050467013,0.405827868,0.311071383,0.178054076,0.996,0.004,0,0
2024-05-12,"Electropolis",0.183663381,0.533320232,0.283016401,0,1,0,0,0
2024-05-12,"Infinitron Peninsula",0.32981173,0.427993229,0.242195049,0,0.932,0,0.068,0
2024-05-12,"Infoglen",0.200840859,0.539880524,0.259278604,0,1,0,0,0
2024-05-12,"Neuronia",0.0329746562,0.397892013,0.1068826886,0.462250638,0.089,0,0,0.911
2024-05-12,"Quantumridge",0.16129378,0.385636787,0.453069419,0,0.056,0.944,0,0
2024-05-12,"Voltagea",0.0640107947,0.609146384,0.32684283,0,1,0,0,0
2024-05-13,"Amperville",0.0492660034,0.328818757,0.621915239,0,0,1,0,0
2024-05-13,"Binaryshire",0.824537914,0.0304952199,0.144966873,0,0,0,1,0
2024-05-13,"Byteforge Domain",0.356856887,0.1477396716,0.495403419,0,0,0.999,0.001,0
2024-05-13,"Cerebrica",0.226983939,0.433463528,0.276886401,0.0626660839,1,0,0,0
2024-05-13,"Circuiton",0.0455467834,0.673286615,0.281166603,0,1,0,0,0
2024-05-13,"Cortexia",0.1042259817,0.408820073,0.299838716,0.187115209,1,0,0,0
2024-05-13,"Electropolis",0.212769022,0.491395778,0.295835205,0,1,0,0,0
2024-05-13,"Infinitron Peninsula",0.392480165,0.360586743,0.246933093,0,0.32,0,0.68,0
2024-05-13,"Infoglen",0.275585303,0.452097879,0.272316814,0,1,0,0,0
2024-05-13,"Neuronia",0.0335312413,0.390721234,0.105549756,0.470197758,0.009,0,0,0.991
2024-05-13,"Quantumridge",0.190603312,0.344132472,0.465264181,0,0.011,0.989,0,0
2024-05-13,"Voltagea",0.0721045006,0.588677919,0.339217606,0,1,0,0,0
2024-05-14,"Amperville",0.0492882924,0.323535487,0.627176224,0,0,1,0,0
2024-05-14,"Binaryshire",0.802669843,0.0372106641,0.160119518,0,0,0,1,0
2024-05-14,"Byteforge Domain",0.333000896,0.159809981,0.507189122,0,0,1,0,0
2024-05-14,"Cerebrica",0.212860349,0.45290125,0.269858381,0.0643800241,1,0,0,0
2024-05-14,"Circuiton",0.04681006,0.665298696,0.28789124,0,1,0,0,0
2024-05-14,"Cortexia",0.0979630734,0.420016239,0.290518745,0.191501943,1,0,0,0
2024-05-14,"Electropolis",0.217379336,0.477776533,0.304844126,0,1,0,0,0
2024-05-14,"Infinitron Peninsula",0.359982118,0.386845383,0.253172494,0,0.669,0,0.331,0
2024-05-14,"Infoglen",0.237649325,0.489338638,0.273012013,0,1,0,0,0
2024-05-14,"Neuronia",0.0325331339,0.372449061,0.1039789002,0.491038906,0,0,0,1
2024-05-14,"Quantumridge",0.172648649,0.362195977,0.465155347,0,0.02,0.98,0,0
2024-05-14,"Voltagea",0.0719646838,0.584933119,0.343102214,0,1,0,0,0
2024-05-15,"Amperville",0.0494508151,0.335324497,0.615224693,0,0,1,0,0
2024-05-15,"Binaryshire",0.792601902,0.0432474194,0.164150691,0,0,0,1,0
2024-05-15,"Byteforge Domain",0.319096151,0.17741958,0.503484246,0,0,1,0,0
2024-05-15,"Cerebrica",0.197685668,0.481050025,0.259672774,0.0615915124,1,0,0,0
2024-05-15,"Circuiton",0.0481188664,0.671173662,0.280707461,0,1,0,0,0
2024-05-15,"Cortexia",0.0919127108,0.442182799,0.281670762,0.184233761,1,0,0,0
2024-05-15,"Electropolis",0.220063041,0.47955767,0.300379297,0,1,0,0,0
2024-05-15,"Infinitron Peninsula",0.344659197,0.407268667,0.248072148,0,0.838,0,0.162,0
2024-05-15,"Infoglen",0.214370539,0.52515304,0.260476412,0,1,0,0,0
2024-05-15,"Neuronia",0.0305668933,0.389341541,0.1023700516,0.477721509,0.021,0,0,0.979
2024-05-15,"Quantumridge",0.1607122372,0.389688713,0.449599037,0,0.135,0.865,0,0
2024-05-15,"Voltagea",0.0695734785,0.601155056,0.329271485,0,1,0,0,0
2024-05-16,"Amperville",0.0491700721,0.325341351,0.62548858,0,0,1,0,0
2024-05-16,"Binaryshire",0.786095921,0.0441528937,0.169751168,0,0,0,1,0
2024-05-16,"Byteforge Domain",0.3126593,0.173996879,0.513343839,0,0,1,0,0
2024-05-16,"Cerebrica",0.194738948,0.481616424,0.261316775,0.0623278233,1,0,0,0
2024-05-16,"Circuiton",0.050369285,0.655691932,0.293938784,0,1,0,0,0
2024-05-16,"Cortexia",0.0892980743,0.435530245,0.288429051,0.186742645,1,0,0,0
2024-05-16,"Electropolis",0.22605736,0.458582901,0.315359749,0,1,0,0,0
2024-05-16,"Infinitron Peninsula",0.34805599,0.393270754,0.258673279,0,0.768,0,0.232,0
2024-05-16,"Infoglen",0.214907739,0.514339626,0.270752629,0,1,0,0,0
2024-05-16,"Neuronia",0.0301767695,0.387636034,0.1019295558,0.480257656,0.047,0,0,0.953
2024-05-16,"Quantumridge",0.1584668974,0.381969192,0.459563931,0,0.096,0.904,0,0
2024-05-16,"Voltagea",0.0710469348,0.588719307,0.340233742,0,1,0,0,0
2024-05-17,"Amperville",0.0511592757,0.330777627,0.618063094,0,0,1,0,0
2024-05-17,"Binaryshire",0.792244973,0.0440325333,0.163722486,0,0,0,1,0
2024-05-17,"Byteforge Domain",0.320485136,0.174612348,0.504902501,0,0,1,0,0
2024-05-17,"Cerebrica",0.195783411,0.483039817,0.258636633,0.0625401481,1,0,0,0
2024-05-17,"Circuiton",0.0532081764,0.65690818,0.289883645,0,1,0,0,0
2024-05-17,"Cortexia",0.088945433,0.431702671,0.290107476,0.189244409,1,0,0,0
2024-05-17,"Electropolis",0.235857694,0.453582432,0.310559882,0,1,0,0,0
2024-05-17,"Infinitron Peninsula",0.361196357,0.382660304,0.256143339,0,0.625,0,0.376,0
2024-05-17,"Infoglen",0.219648138,0.515275207,0.265076658,0,1,0,0,0
2024-05-17,"Neuronia",0.0301818615,0.387055993,0.1006253746,0.482136775,0.064,0,0,0.936
2024-05-17,"Quantumridge",0.1634777465,0.383449603,0.453072633,0,0.151,0.849,0,0
2024-05-17,"Voltagea",0.0736571653,0.591412141,0.334930673,0,1,0,0,0
2024-05-18,"Amperville",0.0537011617,0.332470929,0.613827896,0,0,1,0,0
2024-05-18,"Binaryshire",0.796913502,0.0443345736,0.158751944,0,0,0,1,0
2024-05-18,"Byteforge Domain",0.328806399,0.174282905,0.496910709,0,0,1,0,0
2024-05-18,"Cerebrica",0.19643995,0.48302048,0.257503986,0.0630355879,1,0,0,0
2024-05-18,"Circuiton",0.0569336189,0.653989101,0.289077285,0,1,0,0,0
2024-05-18,"Cortexia",0.0882085241,0.426742999,0.292305407,0.192743082,1,0,0,0
2024-05-18,"Electropolis",0.24828891,0.442235204,0.309475898,0,1,0,0,0
2024-05-18,"Infinitron Peninsula",0.376533799,0.36910552,0.254360692,0,0.447,0,0.553,0
2024-05-18,"Infoglen",0.226646436,0.511675957,0.261677612,0,1,0,0,0
2024-05-18,"Neuronia",0.0303242883,0.386701292,0.0989458909,0.484028534,0.077,0,0,0.923
2024-05-18,"Quantumridge",0.169262605,0.382157073,0.448580331,0,0.156,0.844,0,0
2024-05-18,"Voltagea",0.0770467135,0.591073926,0.33187937,0,1,0,0,0
2024-05-19,"Amperville",0.0582097329,0.335707427,0.606082852,0,0,1,0,0
2024-05-19,"Binaryshire",0.808069362,0.0433010712,0.148629562,0,0,0,1,0
2024-05-19,"Byteforge Domain",0.347214211,0.171229373,0.481556425,0,0,0.986,0.014,0
2024-05-19,"Cerebrica",0.203044327,0.479140035,0.255220502,0.0625951576,1,0,0,0
2024-05-19,"Circuiton",0.0618867751,0.654036772,0.284076447,0,1,0,0,0
2024-05-19,"Cortexia",0.0952775866,0.429691658,0.281656875,0.193373888,1,0,0,0
2024-05-19,"Electropolis",0.264300988,0.434574213,0.301124813,0,1,0,0,0
2024-05-19,"Infinitron Peninsula",0.402777638,0.351426715,0.24579564,0,0.151,0,0.849,0
2024-05-19,"Infoglen",0.23589057,0.511190495,0.252918933,0,1,0,0,0
2024-05-19,"Neuronia",0.0318582198,0.386199198,0.0992228924,0.4827197,0.095,0,0,0.905
2024-05-19,"Quantumridge",0.184447418,0.376000103,0.439552485,0,0.188,0.812,0,0
2024-05-19,"Voltagea",0.082245898,0.594584533,0.323169579,0,1,0,0,0
2024-05-20,"Amperville",0.0573524777,0.345214871,0.597432667,0,0,1,0,0
2024-05-20,"Binaryshire",0.807704211,0.0443518192,0.147943984,0,0,0,1,0
2024-05-20,"Byteforge Domain",0.343973079,0.176970606,0.47905632,0,0,0.992,0.008,0
2024-05-20,"Cerebrica",0.197127612,0.487885525,0.252261013,0.062725836,1,0,0,0
2024-05-20,"Circuiton",0.0620136657,0.658599824,0.2793865,0,1,0,0,0
2024-05-20,"Cortexia",0.0908083407,0.451604073,0.264236939,0.193350642,1,0,0,0
2024-05-20,"Electropolis",0.261786075,0.437074403,0.301139544,0,1,0,0,0
2024-05-20,"Infinitron Peninsula",0.404777484,0.349879063,0.24534347,0,0.001,0,0.999,0
2024-05-20,"Infoglen",0.236216871,0.514396207,0.249386878,0,1,0,0,0
2024-05-20,"Neuronia",0.0306433934,0.389463549,0.0973626882,0.482530369,0.119,0,0,0.881
2024-05-20,"Quantumridge",0.182041162,0.383902743,0.434056107,0,0.237,0.763,0,0
2024-05-20,"Voltagea",0.0799034334,0.604421964,0.315674588,0,1,0,0,0
2024-05-21,"Amperville",0.054797407,0.35929654,0.58590606,0,0,1,0,0
2024-05-21,"Binaryshire",0.805433651,0.0460368657,0.148529484,0,0,0,1,0
2024-05-21,"Byteforge Domain",0.334617665,0.185909125,0.479473191,0,0,0.98,0.02,0
2024-05-21,"Cerebrica",0.195749891,0.49064073,0.252743158,0.0608662054,1,0,0,0
2024-05-21,"Circuiton",0.0588389954,0.671511486,0.269649498,0,1,0,0,0
2024-05-21,"Cortexia",0.090193875,0.45859423,0.264345184,0.186866728,1,0,0,0
2024-05-21,"Electropolis",0.25110276,0.454281667,0.294615589,0,1,0,0,0
2024-05-21,"Infinitron Peninsula",0.395952646,0.361655481,0.242391865,0,0.241,0,0.759,0
2024-05-21,"Infoglen",0.226386291,0.529276196,0.244337526,0,0.999,0,0.001,0
2024-05-21,"Neuronia",0.0305273573,0.398167728,0.0980448754,0.47326006,0.196,0,0,0.804
2024-05-21,"Quantumridge",0.1751799661,0.399042436,0.425777616,0,0.378,0.622,0,0
2024-05-21,"Voltagea",0.0760912568,0.61877567,0.305133032,0,1,0,0,0
